asset,model,origin,u_pit
guitars,RW-G,1200,0.8792789809166555
guitars,RW-t,1200,0.8699834524826626
guitars,ARIMA-G,1200,0.9968142260563038
guitars,ARIMA-t,1200,0.99140694687084
guitars,RW-G,1250,0.468629754496089
guitars,RW-t,1250,0.4692631482112739
guitars,ARIMA-G,1250,0.7928107810292178
guitars,ARIMA-t,1250,0.7844988513717276
guitars,RW-G,1300,0.2708054760441395
guitars,RW-t,1300,0.2762014471343815
guitars,ARIMA-G,1300,0.6190844088134889
guitars,ARIMA-t,1300,0.6164529041893466
guitars,RW-G,1350,0.0940925315641569
guitars,RW-t,1350,0.1053477690795914
guitars,ARIMA-G,1350,0.3901178518603614
guitars,ARIMA-t,1350,0.3924630213967282
guitars,RW-G,1400,0.0266383155644057
guitars,RW-t,1400,0.0373343857281357
guitars,ARIMA-G,1400,0.151164566179617
guitars,ARIMA-t,1400,0.1609541719533899
guitars,RW-G,1450,0.5024606607903194
guitars,RW-t,1450,0.50241092722518
guitars,ARIMA-G,1450,0.8020365233193362
guitars,ARIMA-t,1450,0.7935046783935975
guitars,RW-G,1500,0.4121146173308337
guitars,RW-t,1500,0.4143030878638933
guitars,ARIMA-G,1500,0.6785763079266026
guitars,ARIMA-t,1500,0.673589353345137
guitars,RW-G,1550,0.418380795520111
guitars,RW-t,1550,0.4204142229628535
guitars,ARIMA-G,1550,0.6839345730735533
guitars,ARIMA-t,1550,0.6787588436886256
guitars,RW-G,1600,0.807178849847447
guitars,RW-t,1600,0.7971986917926849
guitars,ARIMA-G,1600,0.9623372960816272
guitars,ARIMA-t,1600,0.9471434571810888
guitars,RW-G,1650,0.913323248036845
guitars,RW-t,1650,0.8988561991273928
guitars,ARIMA-G,1650,0.9825601749750452
guitars,ARIMA-t,1650,0.9696508979497775
guitars,RW-G,1700,0.8495701561466324
guitars,RW-t,1700,0.8379610782865883
guitars,ARIMA-G,1700,0.956985463785589
guitars,ARIMA-t,1700,0.9420996532608552
guitars,RW-G,1750,0.7358775348984836
guitars,RW-t,1750,0.7292598152526157
guitars,ARIMA-G,1750,0.906112777561811
guitars,ARIMA-t,1750,0.8921187677467435
guitars,RW-G,1800,0.1681087631307483
guitars,RW-t,1800,0.1788201064675145
guitars,ARIMA-G,1800,0.3377103534821971
guitars,ARIMA-t,1800,0.3419216465008923
guitars,RW-G,1850,0.0218434166131377
guitars,RW-t,1850,0.0345692934955124
guitars,ARIMA-G,1850,0.0824579539754967
guitars,ARIMA-t,1850,0.0965866195709245
guitars,RW-G,1900,0.0260798166700968
guitars,RW-t,1900,0.0390473347379851
guitars,ARIMA-G,1900,0.0551181631592803
guitars,ARIMA-t,1900,0.0694320004732007
guitars,RW-G,1950,0.0223586398292232
guitars,RW-t,1950,0.0347983234789932
guitars,ARIMA-G,1950,0.1323198571282002
guitars,ARIMA-t,1950,0.144235116794509
guitars,RW-G,2000,0.0502861584327087
guitars,RW-t,2000,0.0639549224693116
guitars,ARIMA-G,2000,0.1409198815718634
guitars,ARIMA-t,2000,0.1522404823018051
guitars,RW-G,2050,0.014814129405132
guitars,RW-t,2050,0.0254545309871996
guitars,ARIMA-G,2050,0.0189467702307949
guitars,ARIMA-t,2050,0.0305289241570133
guitars,RW-G,2100,0.1068537482599285
guitars,RW-t,2100,0.1188751768307026
guitars,ARIMA-G,2100,0.1643503733699892
guitars,ARIMA-t,2100,0.174266994998978
guitars,RW-G,2150,0.0479673857903267
guitars,RW-t,2150,0.0609577546040249
guitars,ARIMA-G,2150,0.1267501067062894
guitars,ARIMA-t,2150,0.1381352068701056
guitars,RW-G,2200,0.087767781820696
guitars,RW-t,2200,0.1000596362665926
guitars,ARIMA-G,2200,0.176423015846504
guitars,ARIMA-t,2200,0.1856176543216866
guitars,RW-G,2250,0.1290417023352265
guitars,RW-t,2250,0.1409669727915722
guitars,ARIMA-G,2250,0.0567123206252183
guitars,ARIMA-t,2250,0.0708305790919479
guitars,RW-G,2300,0.0022567176086303
guitars,RW-t,2300,0.0078428303442406
guitars,ARIMA-G,2300,0.0016496715734201
guitars,ARIMA-t,2300,0.0066091663883704
guitars,RW-G,2350,0.0012500207914047
guitars,RW-t,2350,0.0055021832968105
guitars,ARIMA-G,2350,0.0021433324233136
guitars,ARIMA-t,2350,0.0075257460502093
guitars,RW-G,2400,6.0439857673722654e-05
guitars,RW-t,2400,0.0012250185841249
guitars,ARIMA-G,2400,6.646240043853369e-05
guitars,ARIMA-t,2400,0.0012984077268637
guitars,RW-G,2450,0.3146831435496113
guitars,RW-t,2450,0.3192537299838637
guitars,ARIMA-G,2450,0.2187166128237702
guitars,ARIMA-t,2450,0.2267187679975598
guitars,RW-G,2500,0.6243128721270265
guitars,RW-t,2500,0.6213165259545534
guitars,ARIMA-G,2500,0.7404422438586499
guitars,ARIMA-t,2500,0.7336994078988657
guitars,RW-G,2550,0.5554188112075517
guitars,RW-t,2550,0.5540935339182008
guitars,ARIMA-G,2550,0.6840921552436541
guitars,ARIMA-t,2550,0.6791187519647104
guitars,RW-G,2600,0.8864352206920816
guitars,RW-t,2600,0.8731615592652208
guitars,ARIMA-G,2600,0.978781427858043
guitars,ARIMA-t,2600,0.9655452844674932
guitars,RW-G,2850,0.4196073651931388
guitars,RW-t,2850,0.4215316548817017
guitars,ARIMA-G,2850,0.5062546628849125
guitars,ARIMA-t,2850,0.5061074453281543
guitars,RW-G,2900,0.4513346857876138
guitars,RW-t,2900,0.4524764439606848
guitars,ARIMA-G,2900,0.5367972875217107
guitars,ARIMA-t,2900,0.5359298262426725
guitars,RW-G,2950,0.5808224934750539
guitars,RW-t,2950,0.5788992867623237
guitars,ARIMA-G,2950,0.6451313400428086
guitars,ARIMA-t,2950,0.6414450729475387
guitars,RW-G,3000,0.7509654847110591
guitars,RW-t,3000,0.74371104254435
guitars,ARIMA-G,3000,0.771416879018963
guitars,ARIMA-t,3000,0.7632693829109246
guitars,RW-G,3050,0.7266276735676876
guitars,RW-t,3050,0.7202599653126922
guitars,ARIMA-G,3050,0.7586465522701116
guitars,ARIMA-t,3050,0.7509821649781327
guitars,RW-G,3100,0.7527657669074046
guitars,RW-t,3100,0.7453233095379013
guitars,ARIMA-G,3100,0.7752767413954946
guitars,ARIMA-t,3100,0.766839891578887
guitars,RW-G,3150,0.8605170915134295
guitars,RW-t,3150,0.8481644247683906
guitars,ARIMA-G,3150,0.8424998336740543
guitars,ARIMA-t,3150,0.8308898657217568
guitars,RW-G,3200,0.8890520886872939
guitars,RW-t,3200,0.8753473043901502
guitars,ARIMA-G,3200,0.8815732584460523
guitars,ARIMA-t,3200,0.8680862482626481
guitars,RW-G,3450,0.6892739497205624
guitars,RW-t,3450,0.683984054108704
guitars,ARIMA-G,3450,0.7771665572297028
guitars,ARIMA-t,3450,0.7683726196946723
guitars,RW-G,3500,0.8836953221642472
guitars,RW-t,3500,0.8700924093382558
guitars,ARIMA-G,3500,0.9147496747660172
guitars,ARIMA-t,3500,0.899848223736055
guitars,RW-G,3550,0.7617289253816631
guitars,RW-t,3550,0.7536123759195419
guitars,ARIMA-G,3550,0.8012553795465653
guitars,ARIMA-t,3550,0.7913245717735726
guitars,RW-G,3600,0.741562033435893
guitars,RW-t,3600,0.7342285027213054
guitars,ARIMA-G,3600,0.7969676794145577
guitars,ARIMA-t,3600,0.7871705443106842
guitars,RW-G,3650,0.7035393652610908
guitars,RW-t,3650,0.6976340781001524
guitars,ARIMA-G,3650,0.7884656590629411
guitars,ARIMA-t,3650,0.7790019662726754
guitars,RW-G,3700,0.062484856224046
guitars,RW-t,3700,0.0782419087754077
guitars,ARIMA-G,3700,0.167093737703149
guitars,ARIMA-t,3700,0.1787201490662697
guitars,RW-G,3750,0.2050566710870091
guitars,RW-t,3750,0.2147445064516314
guitars,ARIMA-G,3750,0.3063455740118008
guitars,ARIMA-t,3750,0.3119078239337914
guitars,RW-G,3800,0.0274171076267669
guitars,RW-t,3800,0.0420223565130344
guitars,ARIMA-G,3800,0.0993991310564559
guitars,ARIMA-t,3800,0.1140753866633709
guitars,RW-G,3850,0.0098509648593269
guitars,RW-t,3850,0.0210839772854934
guitars,ARIMA-G,3850,0.0392265060647563
guitars,ARIMA-t,3850,0.0547100487776814
guitars,RW-G,3900,0.0294107669402239
guitars,RW-t,3900,0.0443916153931219
guitars,ARIMA-G,3900,0.0316609405561118
guitars,ARIMA-t,3900,0.0468919650468809
guitars,RW-G,4150,0.8908030231574913
guitars,RW-t,4150,0.875463717344016
guitars,ARIMA-G,4150,0.9679607869755624
guitars,ARIMA-t,4150,0.951644115397039
guitars,RW-G,4200,0.6456870549939735
guitars,RW-t,4200,0.6414067802681358
guitars,ARIMA-G,4200,0.7324821327464927
guitars,ARIMA-t,4200,0.7248400331773058
guitars,RW-G,4250,0.8498969433184536
guitars,RW-t,4250,0.8366344443009844
guitars,ARIMA-G,4250,0.9225180384665044
guitars,ARIMA-t,4250,0.905887834206007
guitars,RW-G,4300,0.4996939812521612
guitars,RW-t,4300,0.4997021529290508
guitars,ARIMA-G,4300,0.5761033744190557
guitars,ARIMA-t,4300,0.574014054683925
guitars,RW-G,4350,0.5969276824823738
guitars,RW-t,4350,0.5942552087718515
guitars,ARIMA-G,4350,0.6667166409942351
guitars,ARIMA-t,4350,0.6617749431266815
guitars,RW-G,4400,0.794329720360772
guitars,RW-t,4400,0.784064296056556
guitars,ARIMA-G,4400,0.8622981575287665
guitars,ARIMA-t,4400,0.8485241710111475
guitars,RW-G,4450,0.694643903148477
guitars,RW-t,4450,0.6887057015156102
guitars,ARIMA-G,4450,0.7451847011131625
guitars,ARIMA-t,4450,0.737151547956747
guitars,RW-G,4500,0.7854145380083304
guitars,RW-t,4500,0.7756367353578201
guitars,ARIMA-G,4500,0.8405481649231261
guitars,ARIMA-t,4500,0.8279751731973628
guitars,RW-G,4550,0.7100571555475391
guitars,RW-t,4550,0.703582915818503
guitars,ARIMA-G,4550,0.7646685854965873
guitars,ARIMA-t,4550,0.7558448133142152
guitars,RW-G,4600,0.0792539429265287
guitars,RW-t,4600,0.095432498658367
guitars,ARIMA-G,4600,0.1379768571504661
guitars,ARIMA-t,4600,0.1516442211285964
guitars,RW-G,4650,0.0992570725977373
guitars,RW-t,4650,0.1147431208214997
guitars,ARIMA-G,4650,0.1822145581343291
guitars,ARIMA-t,4650,0.1936514557176268
guitars,RW-G,4700,0.1645436126572356
guitars,RW-t,4700,0.1768339018954388
guitars,ARIMA-G,4700,0.2392042021818092
guitars,ARIMA-t,4700,0.247875561812677
guitars,RW-G,4750,0.3774254800568684
guitars,RW-t,4750,0.3808434011075616
guitars,ARIMA-G,4750,0.4652091045315294
guitars,ARIMA-t,4750,0.4661302682467381
guitars,RW-G,4800,0.5482935442033384
guitars,RW-t,4800,0.547007194434734
guitars,ARIMA-G,4800,0.6233354373640051
guitars,ARIMA-t,4800,0.6198683852356566
guitars,RW-G,4850,0.6338410693763181
guitars,RW-t,4850,0.6300392536090347
guitars,ARIMA-G,4850,0.7660104568944903
guitars,ARIMA-t,4850,0.7570590368936854
guitars,RW-G,4900,0.655430400898937
guitars,RW-t,4900,0.6509155429405067
guitars,ARIMA-G,4900,0.7397525989815736
guitars,ARIMA-t,4900,0.7319666312404678
guitars,RW-G,4950,0.5903095777976828
guitars,RW-t,4950,0.5878385206481828
guitars,ARIMA-G,4950,0.6641284129663072
guitars,ARIMA-t,4950,0.6592959894671984
guitars,RW-G,5000,0.8899585950090168
guitars,RW-t,5000,0.8750046506771412
guitars,ARIMA-G,5000,0.923141344856538
guitars,ARIMA-t,5000,0.9068961663963808
guitars,RW-G,5050,0.7431173323844468
guitars,RW-t,5050,0.7352861718736194
guitars,ARIMA-G,5050,0.8243359391149715
guitars,ARIMA-t,5050,0.8126242255628022
gurkor,RW-G,1200,0.5851303558830638
gurkor,RW-t,1200,0.5831609552430621
gurkor,ARIMA-G,1200,0.7270519941808572
gurkor,ARIMA-t,1200,0.7209292682476953
gurkor,RW-G,1250,0.7978249875069703
gurkor,RW-t,1250,0.7889825460755329
gurkor,ARIMA-G,1250,0.892092923852511
gurkor,ARIMA-t,1250,0.8792622019498779
gurkor,RW-G,1300,0.6236951138450472
gurkor,RW-t,1300,0.6207787095728958
gurkor,ARIMA-G,1300,0.7762430453098272
gurkor,ARIMA-t,1300,0.7683565239643319
gurkor,RW-G,1350,0.6761493116994708
gurkor,RW-t,1350,0.6717544889863933
gurkor,ARIMA-G,1350,0.8053131675965741
gurkor,ARIMA-t,1350,0.7962395462433157
gurkor,RW-G,1400,0.4204034625204892
gurkor,RW-t,1400,0.4222269869047265
gurkor,ARIMA-G,1400,0.5948042408064883
gurkor,ARIMA-t,1400,0.5926112312763196
gurkor,RW-G,1450,0.0184374952451863
gurkor,RW-t,1450,0.030686052814703
gurkor,ARIMA-G,1450,0.0662586340698868
gurkor,ARIMA-t,1450,0.0805596145945011
gurkor,RW-G,1500,0.0303580632750404
gurkor,RW-t,1500,0.0439510206948416
gurkor,ARIMA-G,1500,0.0950085225924088
gurkor,ARIMA-t,1500,0.1084355587321548
gurkor,RW-G,1550,0.0521085464563139
gurkor,RW-t,1550,0.0660269569019754
gurkor,ARIMA-G,1550,0.1382960568691604
gurkor,ARIMA-t,1550,0.1496301026207008
gurkor,RW-G,1600,0.0206922458443696
gurkor,RW-t,1600,0.0326256989148413
gurkor,ARIMA-G,1600,0.0613462575396426
gurkor,ARIMA-t,1600,0.0748462114946342
gurkor,RW-G,1650,0.3557514874602085
gurkor,RW-t,1650,0.3591524563214402
gurkor,ARIMA-G,1650,0.4724403978723187
gurkor,ARIMA-t,1650,0.4730365487568664
gurkor,RW-G,1700,0.4397459867617597
gurkor,RW-t,1700,0.4410547693089947
gurkor,ARIMA-G,1700,0.5504781277151009
gurkor,ARIMA-t,1700,0.5493960697557496
gurkor,RW-G,1750,0.5063032213014909
gurkor,RW-t,1750,0.5061713286656756
gurkor,ARIMA-G,1750,0.6171517614145369
gurkor,ARIMA-t,1750,0.6145837898121007
gurkor,RW-G,1800,0.909814495516353
gurkor,RW-t,1800,0.8972894639291923
gurkor,ARIMA-G,1800,0.930073075097085
gurkor,ARIMA-t,1800,0.917159968926086
gurkor,RW-G,1850,0.935452931768082
gurkor,RW-t,1850,0.9225775947744213
gurkor,ARIMA-G,1850,0.958078091301925
gurkor,ARIMA-t,1850,0.9454255385102822
gurkor,RW-G,1900,0.9343584423418138
gurkor,RW-t,1900,0.9220482920360408
gurkor,ARIMA-G,1900,0.9569282756157776
gurkor,ARIMA-t,1900,0.9448102522907594
gurkor,RW-G,1950,0.6702765054292223
gurkor,RW-t,1950,0.6665652315332384
gurkor,ARIMA-G,1950,0.7629923543028141
gurkor,ARIMA-t,1950,0.7565434216654863
gurkor,RW-G,2000,0.7449836458604713
gurkor,RW-t,2000,0.739049142253491
gurkor,ARIMA-G,2000,0.8312438160725482
gurkor,ARIMA-t,2000,0.8222725028929192
gurkor,RW-G,2050,0.664190951676028
gurkor,RW-t,2050,0.6605822120472871
gurkor,ARIMA-G,2050,0.7902620285767772
gurkor,ARIMA-t,2050,0.7827313494535149
gurkor,RW-G,2100,0.3932261618805162
gurkor,RW-t,2100,0.3953884788731117
gurkor,ARIMA-G,2100,0.5548406880049963
gurkor,ARIMA-t,2100,0.5537712457944024
gurkor,RW-G,2150,0.7107563770827251
gurkor,RW-t,2150,0.7059866568228654
gurkor,ARIMA-G,2150,0.8078093051956516
gurkor,ARIMA-t,2150,0.7998757909860347
gurkor,RW-G,2200,0.5852829077350061
gurkor,RW-t,2200,0.5836147719507527
gurkor,ARIMA-G,2200,0.7210183419661931
gurkor,ARIMA-t,2200,0.7160419754035423
gurkor,RW-G,2250,0.7610394012421033
gurkor,RW-t,2250,0.7548495722765458
gurkor,ARIMA-G,2250,0.8693003758863957
gurkor,ARIMA-t,2250,0.8593339776563059
gurkor,RW-G,2300,0.9871048439694698
gurkor,RW-t,2300,0.9778519543139405
gurkor,ARIMA-G,2300,0.994060550043797
gurkor,ARIMA-t,2300,0.9870797175882372
gurkor,RW-G,2350,0.97904894761637
gurkor,RW-t,2350,0.968593551706527
gurkor,ARIMA-G,2350,0.9899903028457684
gurkor,ARIMA-t,2350,0.9816859422154506
gurkor,RW-G,2400,0.9853922835501824
gurkor,RW-t,2400,0.9760508969748524
gurkor,ARIMA-G,2400,0.9933300338492485
gurkor,ARIMA-t,2400,0.9862677730407212
gurkor,RW-G,2450,0.8489729970365176
gurkor,RW-t,2450,0.839890101160236
gurkor,ARIMA-G,2450,0.928702340165104
gurkor,ARIMA-t,2450,0.9173869619056236
gurkor,RW-G,2500,0.476988134219764
gurkor,RW-t,2500,0.4774036086338026
gurkor,ARIMA-G,2500,0.6828391481593551
gurkor,ARIMA-t,2500,0.679155830800183
gurkor,RW-G,2550,0.4930842518549123
gurkor,RW-t,2550,0.4932097669089273
gurkor,ARIMA-G,2550,0.6880197718865713
gurkor,ARIMA-t,2550,0.6841771539089848
gurkor,RW-G,2600,0.282013021631216
gurkor,RW-t,2600,0.286758814018592
gurkor,ARIMA-G,2600,0.4889045060568437
gurkor,ARIMA-t,2600,0.4891049253232083
gurkor,RW-G,2850,0.390555295197378
gurkor,RW-t,2850,0.3926018452835397
gurkor,ARIMA-G,2850,0.603186064816486
gurkor,ARIMA-t,2850,0.6012958580787635
gurkor,RW-G,2900,0.6179650927034448
gurkor,RW-t,2900,0.6156955585786474
gurkor,ARIMA-G,2900,0.7838806822671758
gurkor,ARIMA-t,2900,0.777243938278459
gurkor,RW-G,2950,0.421610522117477
gurkor,RW-t,2950,0.4230720641341973
gurkor,ARIMA-G,2950,0.6184538819026508
gurkor,ARIMA-t,2950,0.6162082255572883
gurkor,RW-G,3000,0.3868350809282858
gurkor,RW-t,3000,0.3890199223863677
gurkor,ARIMA-G,3000,0.5949846792366544
gurkor,ARIMA-t,3000,0.5932043438267594
gurkor,RW-G,3050,0.3485396061453464
gurkor,RW-t,3050,0.3515687913496131
gurkor,ARIMA-G,3050,0.5551558818422295
gurkor,ARIMA-t,3050,0.5541488704749747
gurkor,RW-G,3100,0.1580986698575222
gurkor,RW-t,3100,0.1669699336018478
gurkor,ARIMA-G,3100,0.3231063908697941
gurkor,ARIMA-t,3100,0.326732783155364
gurkor,RW-G,3150,0.3730373192928985
gurkor,RW-t,3150,0.375533974203238
gurkor,ARIMA-G,3150,0.5697429536128555
gurkor,ARIMA-t,3150,0.5684473574528389
gurkor,RW-G,3200,0.1025853449160753
gurkor,RW-t,3200,0.1133265631428057
gurkor,ARIMA-G,3200,0.2361828237052495
gurkor,ARIMA-t,3200,0.2422455918735179
gurkor,RW-G,3450,0.5304084077721007
gurkor,RW-t,3450,0.5298485495620202
gurkor,ARIMA-G,3450,0.6930851552502071
gurkor,ARIMA-t,3450,0.6890535017553637
gurkor,RW-G,3500,0.3449285357430303
gurkor,RW-t,3500,0.3480638412152917
gurkor,ARIMA-G,3500,0.5176588742539205
gurkor,ARIMA-t,3500,0.5173361780982569
gurkor,RW-G,3550,0.3675068221100077
gurkor,RW-t,3550,0.3701457862482213
gurkor,ARIMA-G,3550,0.5421287615508223
gurkor,ARIMA-t,3550,0.5413469582260045
gurkor,RW-G,3600,0.3825074600802473
gurkor,RW-t,3600,0.3848174949662526
gurkor,ARIMA-G,3600,0.5593228074708232
gurkor,ARIMA-t,3600,0.5582130542443198
gurkor,RW-G,3650,0.7062810278226631
gurkor,RW-t,3650,0.7017692902120771
gurkor,ARIMA-G,3650,0.8336842991756828
gurkor,ARIMA-t,3650,0.825069111951426
gurkor,RW-G,3700,0.9507774631849816
gurkor,RW-t,3700,0.938915261320594
gurkor,ARIMA-G,3700,0.978312231353878
gurkor,ARIMA-t,3700,0.9679424588388
gurkor,RW-G,3750,0.8878030998431332
gurkor,RW-t,3750,0.8771408488824868
gurkor,ARIMA-G,3750,0.9446989383964498
gurkor,ARIMA-t,3750,0.9329443648246524
gurkor,RW-G,3800,0.8261902060061337
gurkor,RW-t,3800,0.817755428142321
gurkor,ARIMA-G,3800,0.908946069342514
gurkor,ARIMA-t,3800,0.897755385550811
gurkor,RW-G,3850,0.6783177909815064
gurkor,RW-t,3850,0.674591345880069
gurkor,ARIMA-G,3850,0.8192679418250135
gurkor,ARIMA-t,3850,0.8112449076136206
gurkor,RW-G,3900,0.8971571282690032
gurkor,RW-t,3900,0.8863193906399711
gurkor,ARIMA-G,3900,0.9573764922892802
gurkor,ARIMA-t,3900,0.9459184917400248
gurkor,RW-G,4150,0.4444467599326502
gurkor,RW-t,4150,0.4455980684047079
gurkor,ARIMA-G,4150,0.6493924067433878
gurkor,ARIMA-t,4150,0.6460786364399194
gurkor,RW-G,4200,0.3575439936935064
gurkor,RW-t,4200,0.3607631665449534
gurkor,ARIMA-G,4200,0.5580533283904254
gurkor,ARIMA-t,4200,0.5568302833435977
gurkor,RW-G,4250,0.4446631846942238
gurkor,RW-t,4250,0.4458332760048092
gurkor,ARIMA-G,4250,0.6385008162733168
gurkor,ARIMA-t,4250,0.6353989371509232
gurkor,RW-G,4300,0.8064257505098618
gurkor,RW-t,4300,0.7979188767825718
gurkor,ARIMA-G,4300,0.9099646831780972
gurkor,ARIMA-t,4300,0.8975755171922402
gurkor,RW-G,4350,0.6781239752388722
gurkor,RW-t,4350,0.6739982677031164
gurkor,ARIMA-G,4350,0.8332688407650725
gurkor,ARIMA-t,4350,0.8238012010905594
gurkor,RW-G,4400,0.8244639136617498
gurkor,RW-t,4400,0.8153719388900055
gurkor,ARIMA-G,4400,0.9211835156025588
gurkor,ARIMA-t,4400,0.908681442966447
gurkor,RW-G,4450,0.6981882677924984
gurkor,RW-t,4450,0.6935183234513622
gurkor,ARIMA-G,4450,0.8419149193336806
gurkor,ARIMA-t,4450,0.8321808402682218
gurkor,RW-G,4500,0.2370740446749359
gurkor,RW-t,4500,0.2438013486528953
gurkor,ARIMA-G,4500,0.4266168879255292
gurkor,ARIMA-t,4500,0.4281267762007033
gurkor,RW-G,4550,0.5075603061821605
gurkor,RW-t,4550,0.5074089891535513
gurkor,ARIMA-G,4550,0.7094464623179273
gurkor,ARIMA-t,4550,0.7045507178113802
gurkor,RW-G,4600,0.7819110527582063
gurkor,RW-t,4600,0.7746146467425299
gurkor,ARIMA-G,4600,0.9040580510703708
gurkor,ARIMA-t,4600,0.8922786461761115
gurkor,RW-G,4650,0.8990247153970686
gurkor,RW-t,4650,0.8873456614079386
gurkor,ARIMA-G,4650,0.9627456560512891
gurkor,ARIMA-t,4650,0.950588574108719
gurkor,RW-G,4700,0.9637344054696084
gurkor,RW-t,4700,0.9516255835900808
gurkor,ARIMA-G,4700,0.988909719043297
gurkor,ARIMA-t,4700,0.979877919401105
gurkor,RW-G,4750,0.7001352312984034
gurkor,RW-t,4750,0.695540716271354
gurkor,ARIMA-G,4750,0.8552210028955893
gurkor,ARIMA-t,4750,0.8452478715423671
gurkor,RW-G,4800,0.6242783308829306
gurkor,RW-t,4800,0.6216811146771116
gurkor,ARIMA-G,4800,0.8103711162467845
gurkor,ARIMA-t,4800,0.8021724135439605
gurkor,RW-G,4850,0.5312241682696885
gurkor,RW-t,4850,0.5306150722973297
gurkor,ARIMA-G,4850,0.7389304026371062
gurkor,ARIMA-t,4850,0.7332840417236786
gurkor,RW-G,4900,0.4353206256079752
gurkor,RW-t,4900,0.4365965288942589
gurkor,ARIMA-G,4900,0.6583282473745999
gurkor,ARIMA-t,4900,0.6549634376112514
gurkor,RW-G,4950,0.5160301910067663
gurkor,RW-t,4950,0.5157199549718416
gurkor,ARIMA-G,4950,0.7240426663040094
gurkor,ARIMA-t,4950,0.7188822286864385
gurkor,RW-G,5000,0.2775729278833524
gurkor,RW-t,5000,0.282721845714277
gurkor,ARIMA-G,5000,0.4971217492735582
gurkor,ARIMA-t,5000,0.4971772128575743
gurkor,RW-G,5050,0.3224700596653456
gurkor,RW-t,5050,0.326344049841376
gurkor,ARIMA-G,5050,0.5450666382614928
gurkor,ARIMA-t,5050,0.5441910267247815
slingshots,RW-G,1200,0.1524607952596777
slingshots,RW-t,1200,0.1621303830900328
slingshots,ARIMA-G,1200,0.4182221591321248
slingshots,ARIMA-t,1200,0.4198032111479161
slingshots,RW-G,1250,0.001126127117623
slingshots,RW-t,1250,0.0056714134164204
slingshots,ARIMA-G,1250,0.0073036490143508
slingshots,ARIMA-t,1250,0.0164196229810052
slingshots,RW-G,1300,0.0158460722716542
slingshots,RW-t,1300,0.0277623829901036
slingshots,ARIMA-G,1300,0.0751598994804131
slingshots,ARIMA-t,1300,0.0891469945852811
slingshots,RW-G,1350,0.0144127486917054
slingshots,RW-t,1350,0.025806138228683
slingshots,ARIMA-G,1350,0.0674291904863062
slingshots,ARIMA-t,1350,0.0811793359827414
slingshots,RW-G,1400,0.0576226358183697
slingshots,RW-t,1400,0.0715124737360015
slingshots,ARIMA-G,1400,0.163213567404548
slingshots,ARIMA-t,1400,0.1733289845741065
slingshots,RW-G,1450,0.9025569024437784
slingshots,RW-t,1450,0.8873724875851257
slingshots,ARIMA-G,1450,0.9668706763602268
slingshots,ARIMA-t,1450,0.9512434718100916
slingshots,RW-G,1500,0.5270914634974371
slingshots,RW-t,1500,0.5263491078509585
slingshots,ARIMA-G,1500,0.6290181098262166
slingshots,ARIMA-t,1500,0.6252458848587583
slingshots,RW-G,1550,0.4623494554626331
slingshots,RW-t,1550,0.4633605167146681
slingshots,ARIMA-G,1550,0.5875001385103179
slingshots,ARIMA-t,1550,0.5851110169590874
slingshots,RW-G,1600,0.8392306409616035
slingshots,RW-t,1600,0.8269111371378365
slingshots,ARIMA-G,1600,0.880843874675311
slingshots,ARIMA-t,1600,0.8665597692820654
slingshots,RW-G,1650,0.7738522163687487
slingshots,RW-t,1650,0.7648013326386882
slingshots,ARIMA-G,1650,0.8506283979071245
slingshots,ARIMA-t,1650,0.8378910441503381
slingshots,RW-G,1700,0.7991953243807288
slingshots,RW-t,1700,0.7892349104394862
slingshots,ARIMA-G,1700,0.8546011837554419
slingshots,ARIMA-t,1700,0.8419956111631519
slingshots,RW-G,1750,0.6701621868625895
slingshots,RW-t,1750,0.6655241802792466
slingshots,ARIMA-G,1750,0.7553002429467693
slingshots,ARIMA-t,1750,0.7475577744180639
slingshots,RW-G,1800,0.1093759595083176
slingshots,RW-t,1800,0.1234024341110028
slingshots,ARIMA-G,1800,0.1684567022243975
slingshots,ARIMA-t,1800,0.1796982247519931
slingshots,RW-G,1850,0.1040091467874059
slingshots,RW-t,1850,0.1187682190658215
slingshots,ARIMA-G,1850,0.0882641547303674
slingshots,ARIMA-t,1850,0.1034770054383734
slingshots,RW-G,1900,0.1262175456022378
slingshots,RW-t,1900,0.1418644912158203
slingshots,ARIMA-G,1900,0.1058769244869373
slingshots,ARIMA-t,1900,0.1225289606554613
slingshots,RW-G,1950,0.2649426813490917
slingshots,RW-t,1950,0.2731044524155302
slingshots,ARIMA-G,1950,0.3724346649226716
slingshots,ARIMA-t,1950,0.3762957751820542
slingshots,RW-G,2000,0.4154965886477365
slingshots,RW-t,2000,0.4179445862578564
slingshots,ARIMA-G,2000,0.4897008157391332
slingshots,ARIMA-t,2000,0.48998896325331
slingshots,RW-G,2050,0.296410525931124
slingshots,RW-t,2050,0.3030490810100306
slingshots,ARIMA-G,2050,0.2616857073820734
slingshots,ARIMA-t,2050,0.2697933132230913
slingshots,RW-G,2100,0.58129393979288
slingshots,RW-t,2100,0.5790015339329527
slingshots,ARIMA-G,2100,0.65992827203929
slingshots,ARIMA-t,2100,0.6551043288727685
slingshots,RW-G,2150,0.3271067672042059
slingshots,RW-t,2150,0.3323276322882593
slingshots,ARIMA-G,2150,0.4081328360444473
slingshots,ARIMA-t,2150,0.4106801786126209
slingshots,RW-G,2200,0.4775358843683306
slingshots,RW-t,2200,0.4781312302375811
slingshots,ARIMA-G,2200,0.5603479734140794
slingshots,ARIMA-t,2200,0.5587375209611314
slingshots,RW-G,2250,0.2464090639673044
slingshots,RW-t,2250,0.2547234313753649
slingshots,ARIMA-G,2250,0.2159192446549669
slingshots,ARIMA-t,2250,0.2256143726649107
slingshots,RW-G,2300,0.0429198095250028
slingshots,RW-t,2300,0.0590076853127355
slingshots,ARIMA-G,2300,0.0356690212366484
slingshots,ARIMA-t,2300,0.0513992024367461
slingshots,RW-G,2350,0.0736497231251461
slingshots,RW-t,2350,0.0892608313204913
slingshots,ARIMA-G,2350,0.0836917566185921
slingshots,ARIMA-t,2350,0.0989483531394359
slingshots,RW-G,2400,0.0381462364035884
slingshots,RW-t,2400,0.0534072634833817
slingshots,ARIMA-G,2400,0.0227491529763022
slingshots,ARIMA-t,2400,0.0366593673263255
slingshots,RW-G,2450,0.6025396017423844
slingshots,RW-t,2450,0.5998846405295593
slingshots,ARIMA-G,2450,0.6948068277956213
slingshots,ARIMA-t,2450,0.6892561310268652
slingshots,RW-G,2500,0.8921617772871121
slingshots,RW-t,2500,0.8783067542329298
slingshots,ARIMA-G,2500,0.9531104962332114
slingshots,ARIMA-t,2500,0.9380092016591228
slingshots,RW-G,2550,0.9057712995802
slingshots,RW-t,2550,0.8915026909848481
slingshots,ARIMA-G,2550,0.945535299204974
slingshots,ARIMA-t,2550,0.9305256099188204
slingshots,RW-G,2600,0.9884443012877492
slingshots,RW-t,2600,0.9773329925319432
slingshots,ARIMA-G,2600,0.9933047152442656
slingshots,ARIMA-t,2600,0.9840878220848354
slingshots,RW-G,2850,0.5355253865098021
slingshots,RW-t,2850,0.5347323569061615
slingshots,ARIMA-G,2850,0.6215787961228014
slingshots,ARIMA-t,2850,0.6187422208911947
slingshots,RW-G,2900,0.5433225224910668
slingshots,RW-t,2900,0.5423681618958391
slingshots,ARIMA-G,2900,0.631293851410228
slingshots,ARIMA-t,2900,0.6282509036193632
slingshots,RW-G,2950,0.5054761933518253
slingshots,RW-t,2950,0.5053582023253482
slingshots,ARIMA-G,2950,0.5874551281900385
slingshots,ARIMA-t,2950,0.5855284710318833
slingshots,RW-G,3000,0.672246803033028
slingshots,RW-t,3000,0.6681410897466605
slingshots,ARIMA-G,3000,0.7426919866415989
slingshots,ARIMA-t,3000,0.7363996946167695
slingshots,RW-G,3050,0.545712264659274
slingshots,RW-t,3050,0.5447347231279687
slingshots,ARIMA-G,3050,0.6309178492555128
slingshots,ARIMA-t,3050,0.6279756049135528
slingshots,RW-G,3100,0.5206286811525366
slingshots,RW-t,3100,0.5201914643974438
slingshots,ARIMA-G,3100,0.6081908565365975
slingshots,ARIMA-t,3100,0.6058138651928925
slingshots,RW-G,3150,0.7282590459625335
slingshots,RW-t,3150,0.7224384736350049
slingshots,ARIMA-G,3150,0.7852766524382098
slingshots,ARIMA-t,3150,0.7774651039690247
slingshots,RW-G,3200,0.7434350141440471
slingshots,RW-t,3200,0.7371506120714104
slingshots,ARIMA-G,3200,0.7972141294147791
slingshots,ARIMA-t,3200,0.7890197577869569
slingshots,RW-G,3450,0.5527468901064766
slingshots,RW-t,3450,0.5516537783864985
slingshots,ARIMA-G,3450,0.6572089973292092
slingshots,ARIMA-t,3450,0.65369865281778
slingshots,RW-G,3500,0.7067863900804042
slingshots,RW-t,3500,0.7019028630002979
slingshots,ARIMA-G,3500,0.7971627920737596
slingshots,ARIMA-t,3500,0.7892687207236453
slingshots,RW-G,3550,0.3936609521062708
slingshots,RW-t,3550,0.3959020910835625
slingshots,ARIMA-G,3550,0.4980458460323378
slingshots,ARIMA-t,3550,0.4980848699012552
slingshots,RW-G,3600,0.463013404993236
slingshots,RW-t,3600,0.463764640172479
slingshots,ARIMA-G,3600,0.569048644369214
slingshots,ARIMA-t,3600,0.56763830203668
slingshots,RW-G,3650,0.3336337152483642
slingshots,RW-t,3650,0.33739286402284
slingshots,ARIMA-G,3650,0.4059103935493347
slingshots,ARIMA-t,3650,0.4078750140899656
slingshots,RW-G,3700,0.0596717130261236
slingshots,RW-t,3700,0.0725135472349222
slingshots,ARIMA-G,3700,0.1094664017207146
slingshots,ARIMA-t,3700,0.1210161344879846
slingshots,RW-G,3750,0.2528371312645107
slingshots,RW-t,3750,0.2590217041712116
slingshots,ARIMA-G,3750,0.3136625396454813
slingshots,ARIMA-t,3750,0.3179212551745357
slingshots,RW-G,3800,0.1239012711753696
slingshots,RW-t,3800,0.1348858663218154
slingshots,ARIMA-G,3800,0.1744281795364121
slingshots,ARIMA-t,3800,0.1833636013939919
slingshots,RW-G,3850,0.1979032734982043
slingshots,RW-t,3850,0.2059706590245131
slingshots,ARIMA-G,3850,0.2042894183411341
slingshots,ARIMA-t,3850,0.2120342725755169
slingshots,RW-G,3900,0.017650445150369
slingshots,RW-t,3900,0.0279774684697706
slingshots,ARIMA-G,3900,0.0161520849694872
slingshots,ARIMA-t,3900,0.0261319396610006
slingshots,RW-G,4150,0.9167485047412554
slingshots,RW-t,4150,0.9002338757763892
slingshots,ARIMA-G,4150,0.9794823679076584
slingshots,ARIMA-t,4150,0.9647215661388324
slingshots,RW-G,4200,0.7257811839897539
slingshots,RW-t,4200,0.7183082623075343
slingshots,ARIMA-G,4200,0.846498919120551
slingshots,ARIMA-t,4200,0.8332558134735091
slingshots,RW-G,4250,0.9615180368821976
slingshots,RW-t,4250,0.9445186566336978
slingshots,ARIMA-G,4250,0.9828043192234238
slingshots,ARIMA-t,4250,0.9684030842797662
slingshots,RW-G,4300,0.4289790365078367
slingshots,RW-t,4300,0.4309626482424124
slingshots,ARIMA-G,4300,0.4837944442787483
slingshots,ARIMA-t,4300,0.4842310269209585
slingshots,RW-G,4350,0.6482790199839952
slingshots,RW-t,4350,0.6438966171780358
slingshots,ARIMA-G,4350,0.7042758267683243
slingshots,ARIMA-t,4350,0.6979215548250071
slingshots,RW-G,4400,0.7947943130606177
slingshots,RW-t,4400,0.7842690459118571
slingshots,ARIMA-G,4400,0.836817490000866
slingshots,ARIMA-t,4400,0.8243306750996081
slingshots,RW-G,4450,0.586331097475686
slingshots,RW-t,4450,0.5839220599402843
slingshots,ARIMA-G,4450,0.6428970745441273
slingshots,ARIMA-t,4450,0.638777747319043
slingshots,RW-G,4500,0.8970060584657427
slingshots,RW-t,4500,0.8812665591425355
slingshots,ARIMA-G,4500,0.9589864329103648
slingshots,ARIMA-t,4500,0.9424070980725584
slingshots,RW-G,4550,0.8015109368931896
slingshots,RW-t,4550,0.7907064691801268
slingshots,ARIMA-G,4550,0.8663962623226701
slingshots,ARIMA-t,4550,0.8524514234534866
slingshots,RW-G,4600,0.3663349914856466
slingshots,RW-t,4600,0.3701812322687724
slingshots,ARIMA-G,4600,0.42947633910782
slingshots,ARIMA-t,4600,0.4313770332239497
slingshots,RW-G,4650,0.376196961643321
slingshots,RW-t,4650,0.379726569219049
slingshots,ARIMA-G,4650,0.4437497448555449
slingshots,ARIMA-t,4650,0.4452547712514704
slingshots,RW-G,4700,0.2548202414888715
slingshots,RW-t,4700,0.26289465897204
slingshots,ARIMA-G,4700,0.3406617053776923
slingshots,ARIMA-t,4700,0.3452864250033821
slingshots,RW-G,4750,0.607838853281885
slingshots,RW-t,4750,0.6048359031980823
slingshots,ARIMA-G,4750,0.676005186612332
slingshots,ARIMA-t,4750,0.6708266564471695
slingshots,RW-G,4800,0.569227153632253
slingshots,RW-t,4800,0.5673161387711099
slingshots,ARIMA-G,4800,0.6836890080251957
slingshots,ARIMA-t,4800,0.6781618062259505
slingshots,RW-G,4850,0.5646896434227584
slingshots,RW-t,4850,0.5629078024980974
slingshots,ARIMA-G,4850,0.6582252618141636
slingshots,ARIMA-t,4850,0.6535905056546598
slingshots,RW-G,4900,0.5930591943653944
slingshots,RW-t,4900,0.5904429818916673
slingshots,ARIMA-G,4900,0.6527652349684248
slingshots,ARIMA-t,4900,0.6483122320461565
slingshots,RW-G,4950,0.542307982916477
slingshots,RW-t,4950,0.5411545095406892
slingshots,ARIMA-G,4950,0.6111955002488977
slingshots,ARIMA-t,4950,0.6080938920614785
slingshots,RW-G,5000,0.8526507417637911
slingshots,RW-t,5000,0.8392093402198044
slingshots,ARIMA-G,5000,0.899578060078764
slingshots,ARIMA-t,5000,0.8841260779064539
slingshots,RW-G,5050,0.8442182772755122
slingshots,RW-t,5050,0.8312827427964222
slingshots,ARIMA-G,5050,0.8708902450818357
slingshots,ARIMA-t,5050,0.8568493892385739
stocks,RW-G,1200,0.0034283424352125
stocks,RW-t,1200,0.004672656582311
stocks,ARIMA-G,1200,0.0026288471802904
stocks,ARIMA-t,1200,0.0037122646457691
stocks,RW-G,1250,0.0385195203311371
stocks,RW-t,1250,0.0415700244353021
stocks,ARIMA-G,1250,0.0213925181772946
stocks,ARIMA-t,1250,0.0240690569035911
stocks,RW-G,1300,0.1132879591071971
stocks,RW-t,1300,0.1161314331169034
stocks,ARIMA-G,1300,0.0586870677608078
stocks,ARIMA-t,1300,0.0618409328017407
stocks,RW-G,1350,0.4860253911046188
stocks,RW-t,1350,0.486095141989914
stocks,ARIMA-G,1350,0.3043536226620222
stocks,ARIMA-t,1350,0.305480493845659
stocks,RW-G,1400,0.4894935477733156
stocks,RW-t,1400,0.4895459696063916
stocks,ARIMA-G,1400,0.2921417792642975
stocks,ARIMA-t,1400,0.2933587320852011
stocks,RW-G,1450,0.875180532068491
stocks,RW-t,1450,0.8724427532988691
stocks,ARIMA-G,1450,0.699191098465755
stocks,ARIMA-t,1450,0.6980384117737621
stocks,RW-G,1500,0.8116300529695146
stocks,RW-t,1500,0.8095147300120882
stocks,ARIMA-G,1500,0.6113481366081284
stocks,ARIMA-t,1500,0.6107643114948307
stocks,RW-G,1550,0.702725019596372
stocks,RW-t,1550,0.70154632662856
stocks,ARIMA-G,1550,0.508643804029897
stocks,ARIMA-t,1550,0.5086006822849899
stocks,RW-G,1600,0.9461749346604338
stocks,RW-t,1600,0.9430265826528438
stocks,ARIMA-G,1600,0.848691949124232
stocks,ARIMA-t,1600,0.8462115629943388
stocks,RW-G,1650,0.8597991404791165
stocks,RW-t,1650,0.8572093375562349
stocks,ARIMA-G,1650,0.7227547577633138
stocks,ARIMA-t,1650,0.7214234679708127
stocks,RW-G,1700,0.8698379268765277
stocks,RW-t,1700,0.8671508618553252
stocks,ARIMA-G,1700,0.7346612973976903
stocks,ARIMA-t,1700,0.7332350190469737
stocks,RW-G,1750,0.8141645521272529
stocks,RW-t,1750,0.8120246401826975
stocks,ARIMA-G,1750,0.669953926870388
stocks,ARIMA-t,1750,0.6690063551947825
stocks,RW-G,1800,0.6339638366624838
stocks,RW-t,1800,0.6332463022613688
stocks,ARIMA-G,1800,0.4944003667695951
stocks,ARIMA-t,1800,0.4944282968594522
stocks,RW-G,1850,0.7959183068411839
stocks,RW-t,1850,0.7939532336501791
stocks,ARIMA-G,1850,0.6727836823823834
stocks,ARIMA-t,1850,0.6718170145435391
stocks,RW-G,1900,0.7951757290492384
stocks,RW-t,1900,0.7932176540073008
stocks,ARIMA-G,1900,0.6739975423090533
stocks,ARIMA-t,1900,0.6730226348820496
stocks,RW-G,1950,0.8187585203973295
stocks,RW-t,1950,0.8165738279509143
stocks,ARIMA-G,1950,0.7074356201429342
stocks,ARIMA-t,1950,0.7062218389613701
stocks,RW-G,2000,0.7798585919542441
stocks,RW-t,2000,0.778042524935229
stocks,ARIMA-G,2000,0.6695186544861873
stocks,ARIMA-t,2000,0.6685740063571908
stocks,RW-G,2050,0.3228477607089444
stocks,RW-t,2050,0.3238442182458771
stocks,ARIMA-G,2050,0.2387198906020216
stocks,ARIMA-t,2050,0.2403702206655284
stocks,RW-G,2100,0.2528343490039711
stocks,RW-t,2100,0.2543638693523192
stocks,ARIMA-G,2100,0.1764743643858751
stocks,ARIMA-t,2100,0.1787057806745618
stocks,RW-G,2150,0.3148148691073675
stocks,RW-t,2150,0.3158671037864023
stocks,ARIMA-G,2150,0.2309802240322374
stocks,ARIMA-t,2150,0.2326986915042107
stocks,RW-G,2200,0.4841636116051728
stocks,RW-t,2200,0.4842426734243368
stocks,ARIMA-G,2200,0.3865415892492091
stocks,ARIMA-t,2200,0.3871375795132369
stocks,RW-G,2250,0.6181971418910533
stocks,RW-t,2250,0.6175736100255336
stocks,ARIMA-G,2250,0.4979472427247468
stocks,ARIMA-t,2250,0.4979574803941159
stocks,RW-G,2300,0.9511302226330904
stocks,RW-t,2300,0.9479983757192736
stocks,ARIMA-G,2300,0.9047876434882312
stocks,ARIMA-t,2300,0.9017950807134884
stocks,RW-G,2350,0.9468923256919564
stocks,RW-t,2350,0.9437456333020028
stocks,ARIMA-G,2350,0.9038216847592564
stocks,ARIMA-t,2350,0.9008363774607466
stocks,RW-G,2400,0.9220777483743352
stocks,RW-t,2400,0.9189755949115572
stocks,ARIMA-G,2400,0.8760175943971426
stocks,ARIMA-t,2400,0.8732719550646145
stocks,RW-G,2450,0.8612681210508253
stocks,RW-t,2450,0.8586639613045485
stocks,ARIMA-G,2450,0.7885153938635565
stocks,ARIMA-t,2450,0.7866196293983223
stocks,RW-G,2500,0.4464745786389338
stocks,RW-t,2500,0.4467447094047644
stocks,ARIMA-G,2500,0.3705436414949877
stocks,ARIMA-t,2500,0.3712339158070091
stocks,RW-G,2550,0.2798307458300548
stocks,RW-t,2550,0.2811418340737824
stocks,ARIMA-G,2550,0.2248446522086112
stocks,ARIMA-t,2550,0.226618062135977
stocks,RW-G,2600,0.3239657505895501
stocks,RW-t,2600,0.3249545483889386
stocks,ARIMA-G,2600,0.2757501443125781
stocks,ARIMA-t,2600,0.2770931848584322
stocks,RW-G,2850,0.6770138800328931
stocks,RW-t,2850,0.6760183717951169
stocks,ARIMA-G,2850,0.6120255569901387
stocks,ARIMA-t,2850,0.6114378333258992
stocks,RW-G,2900,0.5158815964802539
stocks,RW-t,2900,0.5158023084891676
stocks,ARIMA-G,2900,0.4546597849165163
stocks,ARIMA-t,2900,0.4548878447880463
stocks,RW-G,2950,0.0714414378321767
stocks,RW-t,2950,0.0745715860465874
stocks,ARIMA-G,2950,0.0609131391446173
stocks,ARIMA-t,2950,0.0640665037654555
stocks,RW-G,3000,0.0045785899706082
stocks,RW-t,3000,0.0060169855668386
stocks,ARIMA-G,3000,0.0039903689060843
stocks,ARIMA-t,3000,0.0053341143247117
stocks,RW-G,3050,0.1868792984111159
stocks,RW-t,3050,0.1890090726871168
stocks,ARIMA-G,3050,0.1521284619609981
stocks,ARIMA-t,3050,0.15460072582472
stocks,RW-G,3100,0.4417305352663326
stocks,RW-t,3100,0.4420252493495634
stocks,ARIMA-G,3100,0.3831054445393786
stocks,ARIMA-t,3100,0.3837213743791812
stocks,RW-G,3150,0.8210904173694097
stocks,RW-t,3150,0.8188828993351573
stocks,ARIMA-G,3150,0.764389913113557
stocks,ARIMA-t,3150,0.7627123641413434
stocks,RW-G,3200,0.722319165400531
stocks,RW-t,3200,0.720991289638965
stocks,ARIMA-G,3200,0.6365460762013448
stocks,ARIMA-t,3200,0.6358127798547615
stocks,RW-G,3450,0.3358151891926634
stocks,RW-t,3450,0.3367243075343993
stocks,ARIMA-G,3450,0.2724808560667871
stocks,ARIMA-t,3450,0.2738497682701635
stocks,RW-G,3500,0.5018583744023188
stocks,RW-t,3500,0.5018491062036451
stocks,ARIMA-G,3500,0.4235145571092451
stocks,ARIMA-t,3500,0.4239052905626783
stocks,RW-G,3550,0.7284694477386788
stocks,RW-t,3550,0.7270929697020629
stocks,ARIMA-G,3550,0.657091761377243
stocks,ARIMA-t,3550,0.6562290616559361
stocks,RW-G,3600,0.9049822623324472
stocks,RW-t,3600,0.9019882496149634
stocks,ARIMA-G,3600,0.8595913573440881
stocks,ARIMA-t,3600,0.8570035879278641
stocks,RW-G,3650,0.6441328946965513
stocks,RW-t,3650,0.6433526570229544
stocks,ARIMA-G,3650,0.5656950421848039
stocks,ARIMA-t,3650,0.5653615177847642
stocks,RW-G,3700,0.3086941826669784
stocks,RW-t,3700,0.309789806972359
stocks,ARIMA-G,3700,0.2433320194161445
stocks,ARIMA-t,3700,0.2449423784920466
stocks,RW-G,3750,0.455410559196984
stocks,RW-t,3750,0.4556347801353119
stocks,ARIMA-G,3750,0.3896679653749487
stocks,ARIMA-t,3750,0.3902459544115803
stocks,RW-G,3800,0.4775933131535599
stocks,RW-t,3800,0.4777052938953467
stocks,ARIMA-G,3800,0.4153399472596127
stocks,ARIMA-t,3800,0.4157747439113683
stocks,RW-G,3850,0.5464794897543186
stocks,RW-t,3850,0.5462455983393644
stocks,ARIMA-G,3850,0.472906093234727
stocks,ARIMA-t,3850,0.4730416299460988
stocks,RW-G,3900,0.8421483794031297
stocks,RW-t,3900,0.8397328410815169
stocks,ARIMA-G,3900,0.7809421964374202
stocks,ARIMA-t,3900,0.7791162362786193
stocks,RW-G,4150,0.8265464681940711
stocks,RW-t,4150,0.8242853285315569
stocks,ARIMA-G,4150,0.7864172691975825
stocks,ARIMA-t,4150,0.7845409579783857
stocks,RW-G,4200,0.8075012306190968
stocks,RW-t,4200,0.8054257700218141
stocks,ARIMA-G,4200,0.7552731526300994
stocks,ARIMA-t,4200,0.753674787731442
stocks,RW-G,4250,0.7951260770957838
stocks,RW-t,4250,0.793168469623825
stocks,ARIMA-G,4250,0.7420329128094609
stocks,ARIMA-t,4250,0.7405462032529748
stocks,RW-G,4300,0.2713526370729729
stocks,RW-t,4300,0.2727305338633777
stocks,ARIMA-G,4300,0.2155654843238297
stocks,ARIMA-t,4300,0.2174234917539511
stocks,RW-G,4350,0.1026329920935732
stocks,RW-t,4350,0.1055675040131933
stocks,ARIMA-G,4350,0.0813376873321326
stocks,ARIMA-t,4350,0.084421774411827
stocks,RW-G,4400,0.3752576466922755
stocks,RW-t,4400,0.3759197476670748
stocks,ARIMA-G,4400,0.3063049083059379
stocks,ARIMA-t,4400,0.3074176831663558
stocks,RW-G,4450,0.7091282526985453
stocks,RW-t,4450,0.7079017445368567
stocks,ARIMA-G,4450,0.6603827061944564
stocks,ARIMA-t,4450,0.6594985857845017
stocks,RW-G,4500,0.9202313395737703
stocks,RW-t,4500,0.9171386948285364
stocks,ARIMA-G,4500,0.8931884409505239
stocks,ARIMA-t,4500,0.8902886938614044
stocks,RW-G,4550,0.8627859762806793
stocks,RW-t,4550,0.8601670207404305
stocks,ARIMA-G,4550,0.830747754541886
stocks,ARIMA-t,4550,0.8284451545689984
stocks,RW-G,4600,0.4543710638227147
stocks,RW-t,4600,0.4546006008552689
stocks,ARIMA-G,4600,0.3923276213995442
stocks,ARIMA-t,4600,0.392890399475003
stocks,RW-G,4650,0.2593756430161139
stocks,RW-t,4650,0.2608507094450314
stocks,ARIMA-G,4650,0.2211720428981991
stocks,ARIMA-t,4650,0.2229787228632149
stocks,RW-G,4700,0.2800094158920737
stocks,RW-t,4700,0.2813191136892193
stocks,ARIMA-G,4700,0.2381619403358434
stocks,ARIMA-t,4700,0.2398171381115978
stocks,RW-G,4750,0.3982567094035026
stocks,RW-t,4750,0.398785907635388
stocks,ARIMA-G,4750,0.3473869019405301
stocks,ARIMA-t,4750,0.348220766642527
stocks,RW-G,4800,0.7569269089201448
stocks,RW-t,4800,0.7553143184871125
stocks,ARIMA-G,4800,0.7051417877128047
stocks,ARIMA-t,4800,0.7039451534199181
stocks,RW-G,4850,0.5937301385262344
stocks,RW-t,4850,0.5932456358396838
stocks,ARIMA-G,4850,0.5361194305460993
stocks,ARIMA-t,4850,0.5359383149948653
stocks,RW-G,4900,0.7408759099420663
stocks,RW-t,4900,0.7393987675028493
stocks,ARIMA-G,4900,0.6911263930644818
stocks,ARIMA-t,4900,0.6900320518335563
stocks,RW-G,4950,0.8869480994323125
stocks,RW-t,4950,0.884102529395231
stocks,ARIMA-G,4950,0.857535100740223
stocks,ARIMA-t,4950,0.8549674893127419
stocks,RW-G,5000,0.8744163139491924
stocks,RW-t,5000,0.8716857332187986
stocks,ARIMA-G,5000,0.8446431065953375
stocks,ARIMA-t,5000,0.8422028316539489
stocks,RW-G,5050,0.9524454057874974
stocks,RW-t,5050,0.9493200728940592
stocks,ARIMA-G,5050,0.9460646097309172
stocks,ARIMA-t,5050,0.9429160229903568
sugar,RW-G,1200,0.2739451828449886
sugar,RW-t,1200,0.2795910462590056
sugar,ARIMA-G,1200,0.2697661714570735
sugar,ARIMA-t,1200,0.2759379336643104
sugar,RW-G,1250,0.3055300773058925
sugar,RW-t,1250,0.3108709480355223
sugar,ARIMA-G,1250,0.1761888930714827
sugar,ARIMA-t,1250,0.1872875189651647
sugar,RW-G,1300,0.1958946551261461
sugar,RW-t,1300,0.2057700975799102
sugar,ARIMA-G,1300,0.157992263056872
sugar,ARIMA-t,1300,0.1700928592167539
sugar,RW-G,1350,0.3603399139757104
sugar,RW-t,1350,0.3639099833853152
sugar,ARIMA-G,1350,0.2997658683721061
sugar,ARIMA-t,1350,0.3054720179651703
sugar,RW-G,1400,0.5759435287236881
sugar,RW-t,1400,0.5741203555650896
sugar,ARIMA-G,1400,0.5720803236081305
sugar,ARIMA-t,1400,0.5702876052767641
sugar,RW-G,1450,0.8171352220904061
sugar,RW-t,1450,0.8069402429129674
sugar,ARIMA-G,1450,0.8875803826449389
sugar,ARIMA-t,1450,0.8737599871017132
sugar,RW-G,1500,0.8531197478905981
sugar,RW-t,1500,0.840960323380705
sugar,ARIMA-G,1500,0.8895381505548278
sugar,ARIMA-t,1500,0.8753838634572131
sugar,RW-G,1550,0.9087720022028692
sugar,RW-t,1550,0.8945642542365014
sugar,ARIMA-G,1550,0.9303631864629784
sugar,ARIMA-t,1550,0.9151855347182056
sugar,RW-G,1600,0.7247548856666262
sugar,RW-t,1600,0.7184592099237106
sugar,ARIMA-G,1600,0.7701266130796722
sugar,ARIMA-t,1600,0.7618538421205333
sugar,RW-G,1650,0.783435632431724
sugar,RW-t,1650,0.7748908984632864
sugar,ARIMA-G,1650,0.8221125135275716
sugar,ARIMA-t,1650,0.8116006889095173
sugar,RW-G,1700,0.4668084308333076
sugar,RW-t,1700,0.4675692643219128
sugar,ARIMA-G,1700,0.4571406321133109
sugar,ARIMA-t,1700,0.4581527568269231
sugar,RW-G,1750,0.2862050961580151
sugar,RW-t,1750,0.2918923599729451
sugar,ARIMA-G,1750,0.2665216250210674
sugar,ARIMA-t,1750,0.2730785544152725
sugar,RW-G,1800,0.1132816609833882
sugar,RW-t,1800,0.1260110526946828
sugar,ARIMA-G,1800,0.0754672155113877
sugar,ARIMA-t,1800,0.0898513443161936
sugar,RW-G,1850,0.0144814382026771
sugar,RW-t,1850,0.025812686176025
sugar,ARIMA-G,1850,0.0094943600115427
sugar,ARIMA-t,1850,0.0197544139154099
sugar,RW-G,1900,0.0535166853820066
sugar,RW-t,1900,0.068002411750231
sugar,ARIMA-G,1900,0.0272854396898517
sugar,ARIMA-t,1900,0.0411004252004089
sugar,RW-G,1950,0.2064246490234568
sugar,RW-t,1950,0.2151773236097795
sugar,ARIMA-G,1950,0.1694130238296772
sugar,ARIMA-t,1950,0.1800086097611559
sugar,RW-G,2000,0.2111042884856687
sugar,RW-t,2000,0.219520637948967
sugar,ARIMA-G,2000,0.1401006687802918
sugar,ARIMA-t,2000,0.1518452315452599
sugar,RW-G,2050,0.1358686585341246
sugar,RW-t,2050,0.1473838370807416
sugar,ARIMA-G,2050,0.0767166021237185
sugar,ARIMA-t,2050,0.0907461243014256
sugar,RW-G,2100,0.2870106698853545
sugar,RW-t,2100,0.2925427746592101
sugar,ARIMA-G,2100,0.181705081315072
sugar,ARIMA-t,2100,0.1915207779410007
sugar,RW-G,2150,0.2469705074907176
sugar,RW-t,2150,0.2540413532520066
sugar,ARIMA-G,2150,0.1802170785349237
sugar,ARIMA-t,2150,0.1902413718372439
sugar,RW-G,2200,0.497238690813917
sugar,RW-t,2200,0.4972993587742121
sugar,ARIMA-G,2200,0.4248629025332763
sugar,ARIMA-t,2200,0.4265941061843684
sugar,RW-G,2250,0.4655249710874848
sugar,RW-t,2250,0.4663014571290111
sugar,ARIMA-G,2250,0.3651322538140963
sugar,ARIMA-t,2250,0.3684345929412148
sugar,RW-G,2300,0.3322702759458636
sugar,RW-t,2300,0.3363693172691571
sugar,ARIMA-G,2300,0.2121167091481733
sugar,ARIMA-t,2300,0.2205370246455652
sugar,RW-G,2350,0.1626744340061788
sugar,RW-t,2350,0.1730335003707028
sugar,ARIMA-G,2350,0.0631474500913559
sugar,ARIMA-t,2350,0.0772034268355757
sugar,RW-G,2400,0.0763952074528934
sugar,RW-t,2400,0.0898181037700754
sugar,ARIMA-G,2400,0.0315894470358891
sugar,ARIMA-t,2400,0.0447937879504099
sugar,RW-G,2450,0.256040259872942
sugar,RW-t,2450,0.2624396441092474
sugar,ARIMA-G,2450,0.1403990679090608
sugar,ARIMA-t,2450,0.1515497781353679
sugar,RW-G,2500,0.7442157924143361
sugar,RW-t,2500,0.7379460273364014
sugar,ARIMA-G,2500,0.7070425900085664
sugar,ARIMA-t,2500,0.7019102343002621
sugar,RW-G,2550,0.8636981842445133
sugar,RW-t,2550,0.8530213302549519
sugar,ARIMA-G,2550,0.8421246382757117
sugar,ARIMA-t,2550,0.8321274417536426
sugar,RW-G,2600,0.9050017679371484
sugar,RW-t,2600,0.8929633157269227
sugar,ARIMA-G,2600,0.8841558929091174
sugar,ARIMA-t,2600,0.8725990946738937
sugar,RW-G,2850,0.6738145255345679
sugar,RW-t,2850,0.669976140914265
sugar,ARIMA-G,2850,0.6221174955119901
sugar,ARIMA-t,2850,0.6195063510649151
sugar,RW-G,2900,0.4308593312988318
sugar,RW-t,2900,0.43223743319973
sugar,ARIMA-G,2900,0.3776079707552546
sugar,ARIMA-t,2900,0.3802063995027218
sugar,RW-G,2950,0.5676229621117698
sugar,RW-t,2950,0.566271479341762
sugar,ARIMA-G,2950,0.5181583733468563
sugar,ARIMA-t,2950,0.5177928647953502
sugar,RW-G,3000,0.6412119720727141
sugar,RW-t,3000,0.6382178535062883
sugar,ARIMA-G,3000,0.5919226592329518
sugar,ARIMA-t,3000,0.5900127289363191
sugar,RW-G,3050,0.7544527520446404
sugar,RW-t,3050,0.7481931410565601
sugar,ARIMA-G,3050,0.722627262197456
sugar,ARIMA-t,3050,0.7172648284379359
sugar,RW-G,3100,0.899262320143976
sugar,RW-t,3100,0.8875858017659879
sugar,ARIMA-G,3100,0.8824303588348539
sugar,ARIMA-t,3100,0.8710736835330516
sugar,RW-G,3150,0.953958262691179
sugar,RW-t,3150,0.9413204577537088
sugar,ARIMA-G,3150,0.94836048756909
sugar,ARIMA-t,3150,0.9353621377370862
sugar,RW-G,3200,0.9837057249236608
sugar,RW-t,3200,0.9731834697816012
sugar,ARIMA-G,3200,0.9821454703077552
sugar,ARIMA-t,3200,0.9710966651831914
sugar,RW-G,3450,0.6785454873897817
sugar,RW-t,3450,0.6744870671790295
sugar,ARIMA-G,3450,0.6955246651465327
sugar,ARIMA-t,3450,0.6908836222032588
sugar,RW-G,3500,0.7141955538893828
sugar,RW-t,3500,0.7091401479395572
sugar,ARIMA-G,3500,0.7352175048996729
sugar,ARIMA-t,3500,0.7293766364383663
sugar,RW-G,3550,0.5258709026020019
sugar,RW-t,3550,0.525351506545806
sugar,ARIMA-G,3550,0.5285734080322247
sugar,ARIMA-t,3550,0.5279867440600563
sugar,RW-G,3600,0.5197631587370388
sugar,RW-t,3600,0.5193640420969209
sugar,ARIMA-G,3600,0.5259633096063513
sugar,ARIMA-t,3600,0.5254271418000218
sugar,RW-G,3650,0.2973277410203304
sugar,RW-t,3650,0.3020921879045189
sugar,ARIMA-G,3650,0.2614583825470242
sugar,ARIMA-t,3650,0.2674741167700857
sugar,RW-G,3700,0.0438278852055066
sugar,RW-t,3700,0.056486173172245
sugar,ARIMA-G,3700,0.0399660714259839
sugar,ARIMA-t,3700,0.0527916979884402
sugar,RW-G,3750,0.1808290295016941
sugar,RW-t,3750,0.1897170266917403
sugar,ARIMA-G,3750,0.155264718219857
sugar,ARIMA-t,3750,0.1653818213732621
sugar,RW-G,3800,0.085754119882638
sugar,RW-t,3800,0.0981678592508156
sugar,ARIMA-G,3800,0.0653995343098421
sugar,ARIMA-t,3800,0.0784934230662045
sugar,RW-G,3850,0.1018939907587376
sugar,RW-t,3850,0.1136735421912615
sugar,ARIMA-G,3850,0.0669505892682106
sugar,ARIMA-t,3850,0.0798524818998032
sugar,RW-G,3900,0.0647269753622884
sugar,RW-t,3900,0.0776218465460455
sugar,ARIMA-G,3900,0.0129894232244466
sugar,ARIMA-t,3900,0.0231369064468341
sugar,RW-G,4150,0.8820184166115881
sugar,RW-t,4150,0.8682748304367904
sugar,ARIMA-G,4150,0.9094480679507152
sugar,ARIMA-t,4150,0.894490519757525
sugar,RW-G,4200,0.6954163979068835
sugar,RW-t,4200,0.6898471852074586
sugar,ARIMA-G,4200,0.71144637002246
sugar,ARIMA-t,4200,0.7052539970738081
sugar,RW-G,4250,0.8461052332971555
sugar,RW-t,4250,0.8340993954688417
sugar,ARIMA-G,4250,0.8500579307886496
sugar,ARIMA-t,4250,0.8377895995223246
sugar,RW-G,4300,0.3341052716922197
sugar,RW-t,4300,0.338625242321121
sugar,ARIMA-G,4300,0.2798010662939801
sugar,ARIMA-t,4300,0.2862663901046094
sugar,RW-G,4350,0.5132546826932641
sugar,RW-t,4350,0.5129299840268633
sugar,ARIMA-G,4350,0.4662518194852744
sugar,ARIMA-t,4350,0.4670865721884549
sugar,RW-G,4400,0.566235710269292
sugar,RW-t,4400,0.5645927729587248
sugar,ARIMA-G,4400,0.5277521221569969
sugar,ARIMA-t,4400,0.5270712135225649
sugar,RW-G,4450,0.4445781600153603
sugar,RW-t,4450,0.4459441017499153
sugar,ARIMA-G,4450,0.4027767393434572
sugar,ARIMA-t,4450,0.4052470653984938
sugar,RW-G,4500,0.6691930402746575
sugar,RW-t,4500,0.6646349068938426
sugar,ARIMA-G,4500,0.6474619525252867
sugar,ARIMA-t,4500,0.643569535315311
sugar,RW-G,4550,0.6129242404114443
sugar,RW-t,4550,0.6100736114674814
sugar,ARIMA-G,4550,0.5885052987787394
sugar,ARIMA-t,4550,0.5863038967215578
sugar,RW-G,4600,0.3217064180588904
sugar,RW-t,4600,0.326517777977777
sugar,ARIMA-G,4600,0.2680153885612107
sugar,ARIMA-t,4600,0.2747615588084228
sugar,RW-G,4650,0.2520707989612203
sugar,RW-t,4650,0.2594322940344787
sugar,ARIMA-G,4650,0.2039602405241425
sugar,ARIMA-t,4650,0.2134016548592489
sugar,RW-G,4700,0.3215603851173423
sugar,RW-t,4700,0.3264690919529466
sugar,ARIMA-G,4700,0.2385196997704985
sugar,ARIMA-t,4700,0.2465998200628559
sugar,RW-G,4750,0.7258884478916869
sugar,RW-t,4750,0.719278869774914
sugar,ARIMA-G,4750,0.7034481016360907
sugar,ARIMA-t,4750,0.6976441377329321
sugar,RW-G,4800,0.4870814031850979
sugar,RW-t,4800,0.4873960699196715
sugar,ARIMA-G,4800,0.4349292340651695
sugar,ARIMA-t,4800,0.4365485704006391
sugar,RW-G,4850,0.5861552692056111
sugar,RW-t,4850,0.5840084189714989
sugar,ARIMA-G,4850,0.5501429804025325
sugar,ARIMA-t,4850,0.5489121309547862
sugar,RW-G,4900,0.6901208809173246
sugar,RW-t,4900,0.684873345291799
sugar,ARIMA-G,4900,0.6640196667103396
sugar,ARIMA-t,4900,0.6596118588530819
sugar,RW-G,4950,0.6324411192402234
sugar,RW-t,4950,0.6290154128158587
sugar,ARIMA-G,4950,0.6193458322055821
sugar,ARIMA-t,4950,0.6162834482849521
sugar,RW-G,5000,0.974277241689788
sugar,RW-t,5000,0.9603087325778312
sugar,ARIMA-G,5000,0.981268059979925
sugar,ARIMA-t,5000,0.9681879381599356
sugar,RW-G,5050,0.9924073684505342
sugar,RW-t,5050,0.982497238078129
sugar,ARIMA-G,5050,0.9949176739456244
sugar,ARIMA-t,5050,0.9862703245980212
tranquillity,RW-G,1200,0.0259198087354531
tranquillity,RW-t,1200,0.0366565008783782
tranquillity,ARIMA-G,1200,0.0662594098522131
tranquillity,ARIMA-t,1200,0.0778294888092812
tranquillity,RW-G,1250,0.096448033132829
tranquillity,RW-t,1250,0.1074723040561444
tranquillity,ARIMA-G,1250,0.1781625869002556
tranquillity,ARIMA-t,1250,0.1862864081405619
tranquillity,RW-G,1300,0.1065906977743091
tranquillity,RW-t,1300,0.1176725137726148
tranquillity,ARIMA-G,1300,0.1733194719847667
tranquillity,ARIMA-t,1300,0.1818881732555634
tranquillity,RW-G,1350,0.0576244437523356
tranquillity,RW-t,1350,0.0697583897172818
tranquillity,ARIMA-G,1350,0.1020313296439521
tranquillity,ARIMA-t,1350,0.1131710047780389
tranquillity,RW-G,1400,0.4558737621979962
tranquillity,RW-t,1400,0.4567288723057662
tranquillity,ARIMA-G,1400,0.4912682679146901
tranquillity,ARIMA-t,1400,0.4914344617276521
tranquillity,RW-G,1450,0.4409650667663275
tranquillity,RW-t,1450,0.4421729603193755
tranquillity,ARIMA-G,1450,0.4927033103602339
tranquillity,ARIMA-t,1450,0.4928492166703855
tranquillity,RW-G,1500,0.7967891399828331
tranquillity,RW-t,1500,0.7889321492286945
tranquillity,ARIMA-G,1500,0.8090564516337129
tranquillity,ARIMA-t,1500,0.8008204579756303
tranquillity,RW-G,1550,0.9380526042153188
tranquillity,RW-t,1550,0.9254270353910934
tranquillity,ARIMA-G,1550,0.928090841523594
tranquillity,ARIMA-t,1550,0.9157096462694618
tranquillity,RW-G,1600,0.9650417080926822
tranquillity,RW-t,1600,0.9530165202861708
tranquillity,ARIMA-G,1600,0.9747114024708288
tranquillity,ARIMA-t,1600,0.9634891403764784
tranquillity,RW-G,1650,0.8195062921956098
tranquillity,RW-t,1650,0.8110196200213008
tranquillity,ARIMA-G,1650,0.8408926709024955
tranquillity,ARIMA-t,1650,0.8316933172734542
tranquillity,RW-G,1700,0.3575124098088423
tranquillity,RW-t,1700,0.3604665213835671
tranquillity,ARIMA-G,1700,0.4265814321345313
tranquillity,ARIMA-t,1700,0.4280045585589561
tranquillity,RW-G,1750,0.4880329887605575
tranquillity,RW-t,1750,0.4882615622418754
tranquillity,ARIMA-G,1750,0.5554231454383909
tranquillity,ARIMA-t,1750,0.5543589767043241
tranquillity,RW-G,1800,0.0774172872756365
tranquillity,RW-t,1800,0.0891625533093452
tranquillity,ARIMA-G,1800,0.1321279948653857
tranquillity,ARIMA-t,1800,0.1421408772155935
tranquillity,RW-G,1850,0.2956765834530435
tranquillity,RW-t,1850,0.3002086214124764
tranquillity,ARIMA-G,1850,0.3830468696396281
tranquillity,ARIMA-t,1850,0.3853775077285047
tranquillity,RW-G,1900,0.5327171192048833
tranquillity,RW-t,1900,0.5321019221071099
tranquillity,ARIMA-G,1900,0.5858849406885658
tranquillity,ARIMA-t,1900,0.5842423218213064
tranquillity,RW-G,1950,0.434438800095778
tranquillity,RW-t,1950,0.4356922354946723
tranquillity,ARIMA-G,1950,0.5084726618776967
tranquillity,ARIMA-t,1950,0.5083145392033909
tranquillity,RW-G,2000,0.285937789462417
tranquillity,RW-t,2000,0.29062895758035
tranquillity,ARIMA-G,2000,0.3448288493193054
tranquillity,ARIMA-t,2000,0.3479612800005593
tranquillity,RW-G,2050,0.1113764880312271
tranquillity,RW-t,2050,0.1217848230763063
tranquillity,ARIMA-G,2050,0.1481380538447183
tranquillity,ARIMA-t,2050,0.1572053207712284
tranquillity,RW-G,2100,0.2238308321024857
tranquillity,RW-t,2100,0.2303085716303207
tranquillity,ARIMA-G,2100,0.2794779003387373
tranquillity,ARIMA-t,2100,0.2842165739585823
tranquillity,RW-G,2150,0.241477152967692
tranquillity,RW-t,2150,0.2473003705077837
tranquillity,ARIMA-G,2150,0.3066159048364789
tranquillity,ARIMA-t,2150,0.3105585179268457
tranquillity,RW-G,2200,0.3658718695435069
tranquillity,RW-t,2200,0.3684483895637085
tranquillity,ARIMA-G,2200,0.4117320085656419
tranquillity,ARIMA-t,2200,0.4133441201783483
tranquillity,RW-G,2250,0.5294958563480485
tranquillity,RW-t,2250,0.5289709090029951
tranquillity,ARIMA-G,2250,0.547122204548965
tranquillity,ARIMA-t,2250,0.5462879602503055
tranquillity,RW-G,2300,0.3611147005792551
tranquillity,RW-t,2300,0.3638270424512192
tranquillity,ARIMA-G,2300,0.3824632827487944
tranquillity,ARIMA-t,2300,0.3846889261646699
tranquillity,RW-G,2350,0.3657455479885457
tranquillity,RW-t,2350,0.3684049322305163
tranquillity,ARIMA-G,2350,0.406454979305773
tranquillity,ARIMA-t,2350,0.4082276382033688
tranquillity,RW-G,2400,0.6091361371224704
tranquillity,RW-t,2400,0.6070233447754494
tranquillity,ARIMA-G,2400,0.6293263420766502
tranquillity,ARIMA-t,2400,0.626801344794016
tranquillity,RW-G,2450,0.5754210874587878
tranquillity,RW-t,2450,0.5739992565161911
tranquillity,ARIMA-G,2450,0.5915740802462414
tranquillity,ARIMA-t,2450,0.5898456736196155
tranquillity,RW-G,2500,0.6851431442478174
tranquillity,RW-t,2500,0.6812742602723969
tranquillity,ARIMA-G,2500,0.691671524451852
tranquillity,ARIMA-t,2500,0.6876673308892631
tranquillity,RW-G,2550,0.561799634713063
tranquillity,RW-t,2550,0.560653752797659
tranquillity,ARIMA-G,2550,0.587965455448896
tranquillity,ARIMA-t,2550,0.5863227588139128
tranquillity,RW-G,2600,0.7210972144182073
tranquillity,RW-t,2600,0.7162840551792686
tranquillity,ARIMA-G,2600,0.742968458587431
tranquillity,ARIMA-t,2600,0.7375592292891653
tranquillity,RW-G,2850,0.5514512117046564
tranquillity,RW-t,2850,0.5505167132861161
tranquillity,ARIMA-G,2850,0.6212639916776543
tranquillity,ARIMA-t,2850,0.6189622573416302
tranquillity,RW-G,2900,0.62186621642883
tranquillity,RW-t,2900,0.6194635167579299
tranquillity,ARIMA-G,2900,0.7087608864276872
tranquillity,ARIMA-t,2900,0.7042248545205128
tranquillity,RW-G,2950,0.7802213189485427
tranquillity,RW-t,2950,0.7733711529823839
tranquillity,ARIMA-G,2950,0.8333974353164266
tranquillity,ARIMA-t,2950,0.8246600229264551
tranquillity,RW-G,3000,0.5804072312385781
tranquillity,RW-t,3000,0.5788702816407619
tranquillity,ARIMA-G,3000,0.6423285402195874
tranquillity,ARIMA-t,3000,0.6394637651364867
tranquillity,RW-G,3050,0.571198784763813
tranquillity,RW-t,3050,0.5697917401286055
tranquillity,ARIMA-G,3050,0.6458586025742602
tranquillity,ARIMA-t,3050,0.6427912378730491
tranquillity,RW-G,3100,0.6411667291825032
tranquillity,RW-t,3100,0.6381067642679874
tranquillity,ARIMA-G,3100,0.7298504861014661
tranquillity,ARIMA-t,3100,0.72428653423781
tranquillity,RW-G,3150,0.8653053049224
tranquillity,RW-t,3150,0.8548665347599422
tranquillity,ARIMA-G,3150,0.9142949153521112
tranquillity,ARIMA-t,3150,0.9022054988254952
tranquillity,RW-G,3200,0.9860684069854032
tranquillity,RW-t,3200,0.9763545582538804
tranquillity,ARIMA-G,3200,0.9925088794631174
tranquillity,ARIMA-t,3200,0.9846108533111112
tranquillity,RW-G,3450,0.5854339959216135
tranquillity,RW-t,3450,0.5835533932820017
tranquillity,ARIMA-G,3450,0.7279624587564412
tranquillity,ARIMA-t,3450,0.7220965414295679
tranquillity,RW-G,3500,0.6297683576635256
tranquillity,RW-t,3500,0.6267695338105277
tranquillity,ARIMA-G,3500,0.7475665963460238
tranquillity,ARIMA-t,3500,0.740933047179446
tranquillity,RW-G,3550,0.4153249978255507
tranquillity,RW-t,3550,0.4172367717917946
tranquillity,ARIMA-G,3550,0.518397901949307
tranquillity,ARIMA-t,3550,0.5179932293072677
tranquillity,RW-G,3600,0.2087468642170024
tranquillity,RW-t,3600,0.2171895036280784
tranquillity,ARIMA-G,3600,0.2696690845042099
tranquillity,ARIMA-t,3600,0.2758053103256963
tranquillity,RW-G,3650,0.1466963922898037
tranquillity,RW-t,3650,0.1576925839526512
tranquillity,ARIMA-G,3650,0.168107625141876
tranquillity,ARIMA-t,3650,0.1782022626660334
tranquillity,RW-G,3700,0.7499124292658602
tranquillity,RW-t,3700,0.7431812342247794
tranquillity,ARIMA-G,3700,0.8395002986003142
tranquillity,ARIMA-t,3700,0.829169723040185
tranquillity,RW-G,3750,0.595919873649553
tranquillity,RW-t,3750,0.5937741773054104
tranquillity,ARIMA-G,3750,0.6991238833246458
tranquillity,ARIMA-t,3750,0.69414716687094
tranquillity,RW-G,3800,0.8254419925062959
tranquillity,RW-t,3800,0.8158878262971118
tranquillity,ARIMA-G,3800,0.9078185842470168
tranquillity,ARIMA-t,3800,0.8950206324327534
tranquillity,RW-G,3850,0.417324314234502
tranquillity,RW-t,3850,0.4191301583365994
tranquillity,ARIMA-G,3850,0.5083144681526
tranquillity,ARIMA-t,3850,0.5081374998570031
tranquillity,RW-G,3900,4.557559632233832e-05
tranquillity,RW-t,3900,0.0011173619138795
tranquillity,ARIMA-G,3900,3.961544803910624e-07
tranquillity,ARIMA-t,3900,0.0001972159111728
tranquillity,RW-G,4150,0.9793895745504076
tranquillity,RW-t,4150,0.9668554703170398
tranquillity,ARIMA-G,4150,0.9973751725908736
tranquillity,ARIMA-t,4150,0.991130209301035
tranquillity,RW-G,4200,0.907672029713765
tranquillity,RW-t,4200,0.8940122032829528
tranquillity,ARIMA-G,4200,0.9221289856810848
tranquillity,ARIMA-t,4200,0.9080546315169982
tranquillity,RW-G,4250,0.9295568866722518
tranquillity,RW-t,4250,0.9151314377936984
tranquillity,ARIMA-G,4250,0.991792603439201
tranquillity,ARIMA-t,4250,0.9820456547414754
tranquillity,RW-G,4300,0.495038883224522
tranquillity,RW-t,4300,0.4951540165993219
tranquillity,ARIMA-G,4300,0.5436930217361008
tranquillity,ARIMA-t,4300,0.5426707722745758
tranquillity,RW-G,4350,0.5070032271027465
tranquillity,RW-t,4350,0.5068419396921857
tranquillity,ARIMA-G,4350,0.566096817151088
tranquillity,ARIMA-t,4350,0.5645486802707352
tranquillity,RW-G,4400,0.6594154458245881
tranquillity,RW-t,4400,0.6554180675054803
tranquillity,ARIMA-G,4400,0.7454589922238734
tranquillity,ARIMA-t,4400,0.7385762730377432
tranquillity,RW-G,4450,0.5776306022849781
tranquillity,RW-t,4450,0.5758337242245013
tranquillity,ARIMA-G,4450,0.6526910183400092
tranquillity,ARIMA-t,4450,0.6489131719435364
tranquillity,RW-G,4500,0.9110087398023408
tranquillity,RW-t,4500,0.8972289857121142
tranquillity,ARIMA-G,4500,0.9808728180701596
tranquillity,ARIMA-t,4500,0.9684791126576155
tranquillity,RW-G,4550,0.794453160889782
tranquillity,RW-t,4550,0.7856649425992942
tranquillity,ARIMA-G,4550,0.8684116843429805
tranquillity,ARIMA-t,4550,0.8563855168205596
tranquillity,RW-G,4600,0.5046428259599882
tranquillity,RW-t,4600,0.5045375094390273
tranquillity,ARIMA-G,4600,0.5722635713745127
tranquillity,ARIMA-t,4600,0.5705840467130361
tranquillity,RW-G,4650,0.1696367265548798
tranquillity,RW-t,4650,0.1799498451684498
tranquillity,ARIMA-G,4650,0.197117829669328
tranquillity,ARIMA-t,4650,0.206271346284778
tranquillity,RW-G,4700,0.0879177130484387
tranquillity,RW-t,4700,0.101485241914474
tranquillity,ARIMA-G,4700,0.1152574900100615
tranquillity,ARIMA-t,4700,0.1278764796713157
tranquillity,RW-G,4750,0.168796426687761
tranquillity,RW-t,4750,0.1790259905153266
tranquillity,ARIMA-G,4750,0.1907214272696581
tranquillity,ARIMA-t,4750,0.200017719710956
tranquillity,RW-G,4800,0.1151910662197886
tranquillity,RW-t,4800,0.1276397563187334
tranquillity,ARIMA-G,4800,0.1387847253885961
tranquillity,ARIMA-t,4800,0.1502825089792226
tranquillity,RW-G,4850,0.2365311155582183
tranquillity,RW-t,4850,0.2439704914140503
tranquillity,ARIMA-G,4850,0.1964612073792415
tranquillity,ARIMA-t,4850,0.2055254282646423
tranquillity,RW-G,4900,0.2279995366853081
tranquillity,RW-t,4900,0.2357304627337241
tranquillity,ARIMA-G,4900,0.2225894850431465
tranquillity,ARIMA-t,4900,0.2305296403936367
tranquillity,RW-G,4950,0.3207367988867294
tranquillity,RW-t,4950,0.3251920372594572
tranquillity,ARIMA-G,4950,0.3630932160244581
tranquillity,ARIMA-t,4950,0.3663327878763438
tranquillity,RW-G,5000,0.3967645830919619
tranquillity,RW-t,5000,0.3991365276022819
tranquillity,ARIMA-G,5000,0.4538139165959772
tranquillity,ARIMA-t,5000,0.4548424529365286
tranquillity,RW-G,5050,0.4460141773537834
tranquillity,RW-t,5050,0.4472127099305991
tranquillity,ARIMA-G,5050,0.488211121385011
tranquillity,ARIMA-t,5050,0.4884694909913387
water,RW-G,1200,0.8014263888594946
water,RW-t,1200,0.793021848051299
water,ARIMA-G,1200,0.9310632707292988
water,ARIMA-t,1200,0.9181826110403544
water,RW-G,1250,0.9520702819129456
water,RW-t,1250,0.9385393109624074
water,ARIMA-G,1250,0.9904187874931728
water,ARIMA-t,1250,0.9810823361157848
water,RW-G,1300,0.7668455820532902
water,RW-t,1300,0.7595295164894168
water,ARIMA-G,1300,0.9325097790440764
water,ARIMA-t,1300,0.9191865806443974
water,RW-G,1350,0.8857208573690802
water,RW-t,1350,0.8735392343581981
water,ARIMA-G,1350,0.9756402238037696
water,ARIMA-t,1350,0.9634439427811324
water,RW-G,1400,0.7745413042043772
water,RW-t,1400,0.7668016632729558
water,ARIMA-G,1400,0.9397026155883852
water,ARIMA-t,1400,0.9260459478809407
water,RW-G,1450,0.1044714640996985
water,RW-t,1450,0.1172591666623053
water,ARIMA-G,1450,0.363926204178274
water,ARIMA-t,1450,0.3671139575974669
water,RW-G,1500,0.0438008036414077
water,RW-t,1500,0.05787887687154
water,ARIMA-G,1500,0.2000059870837782
water,ARIMA-t,1500,0.2088682748946582
water,RW-G,1550,0.0109933280245414
water,RW-t,1550,0.0214285198542857
water,ARIMA-G,1550,0.0854512259240592
water,ARIMA-t,1550,0.09896843849498
water,RW-G,1600,0.001595577465978
water,RW-t,1600,0.0066585510950468
water,ARIMA-G,1600,0.0188105059461792
water,ARIMA-t,1600,0.0308140308568584
water,RW-G,1650,0.0657949039679491
water,RW-t,1650,0.0798932839328497
water,ARIMA-G,1650,0.2237328114504984
water,ARIMA-t,1650,0.2316127052097451
water,RW-G,1700,0.298996963322401
water,RW-t,1700,0.3040878579035752
water,ARIMA-G,1700,0.5485914537832195
water,ARIMA-t,1700,0.5475373413139757
water,RW-G,1750,0.2635660491829112
water,RW-t,1750,0.2696538997927867
water,ARIMA-G,1750,0.4982020722830944
water,ARIMA-t,1750,0.4982395398607167
water,RW-G,1800,0.6060408729982283
water,RW-t,1800,0.6037254782700527
water,ARIMA-G,1800,0.7844597802002556
water,ARIMA-t,1800,0.7768195385719641
water,RW-G,1850,0.6441117032946911
water,RW-t,1850,0.6409132834150932
water,ARIMA-G,1850,0.8258333010808293
water,ARIMA-t,1850,0.8167428536469954
water,RW-G,1900,0.5656890753719728
water,RW-t,1900,0.5643407871026791
water,ARIMA-G,1900,0.7729254579296719
water,ARIMA-t,1900,0.7659669086795906
water,RW-G,1950,0.3159267739300425
water,RW-t,1950,0.3201212430285298
water,ARIMA-G,1950,0.5326710756613591
water,ARIMA-t,1950,0.5320215408403044
water,RW-G,2000,0.5023328480080974
water,RW-t,2000,0.5022858124621891
water,ARIMA-G,2000,0.7122459709983502
water,ARIMA-t,2000,0.7072522193314705
water,RW-G,2050,0.3217548262284145
water,RW-t,2050,0.3258512157363107
water,ARIMA-G,2050,0.5606362852228054
water,ARIMA-t,2050,0.5593947774388961
water,RW-G,2100,0.1874492040311347
water,RW-t,2100,0.1961673798142382
water,ARIMA-G,2100,0.3924840345234017
water,ARIMA-t,2100,0.3947808944936899
water,RW-G,2150,0.3627227326184672
water,RW-t,2150,0.3657348031108928
water,ARIMA-G,2150,0.571286589548027
water,ARIMA-t,2150,0.5698159580377332
water,RW-G,2200,0.1853809068188276
water,RW-t,2200,0.1940743223762753
water,ARIMA-G,2200,0.3707967952784391
water,ARIMA-t,2200,0.3735793272599031
water,RW-G,2250,0.3383249489606859
water,RW-t,2250,0.3419549304552521
water,ARIMA-G,2250,0.5676155873024296
water,ARIMA-t,2250,0.5662288238896875
water,RW-G,2300,0.7017953857531359
water,RW-t,2300,0.6970712905751912
water,ARIMA-G,2300,0.8600771841523158
water,ARIMA-t,2300,0.8497763028749662
water,RW-G,2350,0.8733278338858683
water,RW-t,2350,0.862633751096962
water,ARIMA-G,2350,0.951599579231275
water,ARIMA-t,2350,0.9392958329264208
water,RW-G,2400,0.9699259792858844
water,RW-t,2400,0.958203553033176
water,ARIMA-G,2400,0.9918030461918756
water,ARIMA-t,2400,0.9837167239875476
water,RW-G,2450,0.7975520876105955
water,RW-t,2450,0.7898372753910552
water,ARIMA-G,2450,0.9188665950017154
water,ARIMA-t,2450,0.9069747359392888
water,RW-G,2500,0.631551615594705
water,RW-t,2500,0.628854996223509
water,ARIMA-G,2500,0.8249783661687349
water,ARIMA-t,2500,0.816498585875772
water,RW-G,2550,0.5455115088048081
water,RW-t,2550,0.5446443257432875
water,ARIMA-G,2550,0.7632957530737934
water,ARIMA-t,2550,0.757071721260395
water,RW-G,2600,0.1339566438192169
water,RW-t,2600,0.1438521166250188
water,ARIMA-G,2600,0.3177147372219432
water,ARIMA-t,2600,0.3215406326587205
water,RW-G,2850,0.6196518818602408
water,RW-t,2850,0.6173130075052408
water,ARIMA-G,2850,0.8191761454939828
water,ARIMA-t,2850,0.811236625363698
water,RW-G,2900,0.8041942685424688
water,RW-t,2900,0.7965849046149512
water,ARIMA-G,2900,0.9278850918433892
water,ARIMA-t,2900,0.9164053218091992
water,RW-G,2950,0.8090605718722486
water,RW-t,2950,0.8012742332232858
water,ARIMA-G,2950,0.9297775731188702
water,ARIMA-t,2950,0.9182576897318976
water,RW-G,3000,0.8296203517918056
water,RW-t,3000,0.8210600581649816
water,ARIMA-G,3000,0.9422228587240762
water,ARIMA-t,3000,0.9305633248947672
water,RW-G,3050,0.7436116774948623
water,RW-t,3050,0.7379594374985815
water,ARIMA-G,3050,0.9028043431654104
water,ARIMA-t,3050,0.8917945665449152
water,RW-G,3100,0.3559510388447103
water,RW-t,3100,0.3589159967390045
water,ARIMA-G,3100,0.6110789143164488
water,ARIMA-t,3100,0.6088997057740202
water,RW-G,3150,0.5088052314465927
water,RW-t,3150,0.5086377584202266
water,ARIMA-G,3150,0.7501442912954056
water,ARIMA-t,3150,0.7443273940722939
water,RW-G,3200,0.114894315420313
water,RW-t,3200,0.1256451489006133
water,ARIMA-G,3200,0.2953392540996438
water,ARIMA-t,3200,0.2998249384667767
water,RW-G,3450,0.3714273746129098
water,RW-t,3450,0.374020642543917
water,ARIMA-G,3450,0.6023765066370129
water,ARIMA-t,3450,0.6003851132703122
water,RW-G,3500,0.1302197808485963
water,RW-t,3500,0.1403121027355246
water,ARIMA-G,3500,0.2913555266912276
water,ARIMA-t,3500,0.2959166700217924
water,RW-G,3550,0.0969486121191746
water,RW-t,3550,0.1081562502931123
water,ARIMA-G,3550,0.2353190628930268
water,ARIMA-t,3550,0.2415837136948643
water,RW-G,3600,0.1098868457671797
water,RW-t,3600,0.1207246469302776
water,ARIMA-G,3600,0.2548375877227485
water,ARIMA-t,3600,0.2605013296427002
water,RW-G,3650,0.1309020234803727
water,RW-t,3650,0.141062039643799
water,ARIMA-G,3650,0.2897505086562169
water,ARIMA-t,3650,0.2944024698070887
water,RW-G,3700,0.6325452457478347
water,RW-t,3700,0.6298320441287879
water,ARIMA-G,3700,0.8106082837864937
water,ARIMA-t,3700,0.8026749502139829
water,RW-G,3750,0.3992631273234496
water,RW-t,3750,0.4012627232884165
water,ARIMA-G,3750,0.6074007398038633
water,ARIMA-t,3750,0.6052792115144795
water,RW-G,3800,0.1707877868829707
water,RW-t,3800,0.179383495527567
water,ARIMA-G,3800,0.3295734022753871
water,ARIMA-t,3800,0.3331273393877132
water,RW-G,3850,0.4368805763587935
water,RW-t,3850,0.4380841691206509
water,ARIMA-G,3850,0.6427751788145378
water,ARIMA-t,3850,0.6399051400061326
water,RW-G,3900,0.6409588217427173
water,RW-t,3900,0.6381108364258605
water,ARIMA-G,3900,0.820670478458567
water,ARIMA-t,3900,0.8125412744781462
water,RW-G,4150,0.378499139471042
water,RW-t,4150,0.3809193658574618
water,ARIMA-G,4150,0.6014281276560284
water,ARIMA-t,4150,0.5994664894917863
water,RW-G,4200,0.4653727852433041
water,RW-t,4200,0.4660349886257659
water,ARIMA-G,4200,0.6767968650403173
water,ARIMA-t,4200,0.6730463913581048
water,RW-G,4250,0.6158413406705684
water,RW-t,4250,0.6135434027375036
water,ARIMA-G,4250,0.7983105670792956
water,ARIMA-t,4250,0.7909313055262941
water,RW-G,4400,0.7732185210707472
water,RW-t,4400,0.7667149333933764
water,ARIMA-G,4400,0.9020639361369732
water,ARIMA-t,4400,0.8911986829681016
water,RW-G,4450,0.4173356280744045
water,RW-t,4450,0.4189151104012769
water,ARIMA-G,4450,0.6335490789796425
water,ARIMA-t,4450,0.6309175772576874
water,RW-G,4500,0.0539028085583335
water,RW-t,4500,0.0655738592640408
water,ARIMA-G,4500,0.155700213374121
water,ARIMA-t,4500,0.1645754808667784
water,RW-G,4550,0.1597760086598655
water,RW-t,4550,0.1685213810737336
water,ARIMA-G,4550,0.348773683963813
water,ARIMA-t,4550,0.3517652992425785
water,RW-G,4600,0.8525874594341804
water,RW-t,4600,0.8435082153877275
water,ARIMA-G,4600,0.9457442600262016
water,ARIMA-t,4600,0.934460390709388
water,RW-G,4650,0.986607936119518
water,RW-t,4650,0.9779052391720668
water,ARIMA-G,4650,0.9973499604996736
water,ARIMA-t,4650,0.9927048763512192
water,RW-G,4700,0.9982801736078172
water,RW-t,4700,0.9943999505550783
water,ARIMA-G,4700,0.9997306336823008
water,ARIMA-t,4700,0.9980804103587736
water,RW-G,4850,0.6711451814346852
water,RW-t,4850,0.6675673112779092
water,ARIMA-G,4850,0.8507193271194365
water,ARIMA-t,4850,0.8415004837183244
water,RW-G,4900,0.534000009801589
water,RW-t,4900,0.5333640829743663
water,ARIMA-G,4900,0.7515287500525218
water,ARIMA-t,4900,0.745743797481303
water,RW-G,5000,0.2816963626527776
water,RW-t,5000,0.2864592221991944
water,ARIMA-G,5000,0.5290477500232719
water,ARIMA-t,5000,0.5285168498335566
