asset,day,median,lo95,hi95,log_sd
gurkor,198,6.577548270453276,6.536314101129132,6.619042564473625,0.0032085585179657742
gurkor,199,6.565267944612903,6.507720219802905,6.623324563554633,0.004491981925152084
gurkor,200,6.563163498346149,6.493492482474406,6.633582039600527,0.005445104366129898
gurkor,201,6.572088572246084,6.492434103084946,6.652720307307283,0.0062216257995537086
gurkor,202,6.57931202515436,6.491168191393841,6.668652767576143,0.0068815913647040485
gurkor,203,6.58653113728194,6.490978591414435,6.683490295248559,0.007456016223248036
gurkor,204,6.58654829598851,6.484543296672533,6.69015788323141,0.00796343281640387
gurkor,205,6.597148712927096,6.489221334338071,6.706871117213188,0.008415970093274439
gurkor,206,6.597589034678022,6.4844910307414505,6.712659615711825,0.008822077368164092
gurkor,207,6.577278643091866,6.459895236871363,6.696795034995677,0.009187913346257022
gurkor,208,6.565846149132853,6.444494559199221,6.689482822596953,0.00951812273067827
gurkor,209,6.567984396750778,6.4428268721507145,6.695573215296008,0.009816301496167095
gurkor,210,6.57309071258785,6.444437416787379,6.704312373856066,0.010085291066722958
gurkor,211,6.58285606469303,6.450950120007566,6.717459159088178,0.010327372503539468
gurkor,212,6.58499133919417,6.45029829590531,6.722496999059527,0.010544399264191194
gurkor,213,6.576533699214163,6.4395710722930355,6.7164093712686626,0.010737890619109512
gurkor,214,6.582060151738977,6.442820101576412,6.724309410798206,0.010909098961083628
gurkor,215,6.574872269425744,6.433892968264194,6.718940705494267,0.011059059246922558
gurkor,216,6.584212744652848,6.441397189572227,6.7301947374134805,0.01118862586739955
gurkor,217,6.589312284999002,6.444998036659884,6.736857969896396,0.011298500443147882
gurkor,218,6.592293180215516,6.446766848022874,6.74110455650246,0.011389252908617625
gurkor,219,6.602466129026807,6.455803065672385,6.752461086792147,0.011461337507401513
gurkor,220,6.619812797718884,6.472082329298087,6.770915332530283,0.011515104827579904
gurkor,221,6.61560565619456,6.467516449501803,6.767085718296828,0.01155081066467678
gurkor,222,6.622381209263091,6.473914324161462,6.774252899381913,0.011568622256852339
gurkor,223,6.5999967732207665,6.452031723846944,6.751355118965913,0.011568622256852339
gurkor,224,6.616079869037634,6.467980047171091,6.767570789373395,0.011550810664676779
gurkor,225,6.60552984524295,6.4581181210712995,6.756306360212149,0.011515104827579902
gurkor,226,6.611888550591747,6.465016183443269,6.7620975671189285,0.01146133750740151
gurkor,227,6.618666337784232,6.472557812296421,6.768073049528436,0.011389252908617621
gurkor,228,6.614881225819296,6.470006985433102,6.762999441919077,0.011298500443147879
gurkor,229,6.6174335026557225,6.4738973692495865,6.764152050057336,0.011188625867399545
gurkor,230,6.628007658017099,6.485889020661082,6.773240395386173,0.011059059246922553
gurkor,231,6.628024924774998,6.48781251380811,6.771267558971565,0.010909098961083623
gurkor,232,6.628042191577877,6.490006850861679,6.769013392875501,0.010737890619109507
gurkor,233,6.6280594584257395,6.492485476081805,6.766464452830664,0.010544399264191187
gurkor,234,6.639467840891712,6.506427520830814,6.775228505827771,0.010327372503539461
gurkor,235,6.640750150633743,6.510772575270244,6.773322528672665,0.010085291066722952
gurkor,236,6.640767450587369,6.514222994121948,6.769770143357653,0.009816301496167088
gurkor,237,6.627284301144106,6.504797196113134,6.752077871764478,0.009518122730678263
gurkor,238,6.62223494792118,6.504049215316423,6.742568245362691,0.009187913346257017
gurkor,239,6.622252199640473,6.508731411757622,6.737752938525491,0.008822077368164085
gurkor,240,6.636197554714586,6.5276313487602176,6.7465694112098,0.008415970093274433
gurkor,241,6.632839815043957,6.53011790511602,6.737177590249147,0.007963432816403864
gurkor,242,6.630747212424192,6.534553212282798,6.728357267399422,0.007456016223248031
gurkor,243,6.635827590569739,6.546926610988531,6.72593576012574,0.006881591364704044
gurkor,244,6.618114567017395,6.537902257507513,6.699310986467055,0.006221625799553702
gurkor,245,6.614329015659278,6.54411485415819,6.685296530147772,0.005445104366129893
gurkor,246,6.610119487163715,6.552178617054882,6.668572727985432,0.004491981925152079
gurkor,247,6.61689882084382,6.575417965795591,6.658641356798797,0.0032085585179657703
guitars,398,3.433533880264508,3.3662749386330253,3.502136670901748,0.010093676821248622
guitars,399,3.4196851712955283,3.3262280523876795,3.5157681573829542,0.014137783600158276
guitars,400,3.4196605539026192,3.306652289939318,3.536530992235707,0.017145727345093027
guitars,401,3.4170838212082946,3.2883029948768163,3.5509081308369193,0.019600298323792616
guitars,402,3.428916980974473,3.2862031001558814,3.5778286685498455,0.021690009227485315
guitars,403,3.4384775576541884,3.283617676241999,3.600640841969984,0.02351218627942051
guitars,404,3.4326076994634946,3.267666822602622,3.6058742393544687,0.025124958731501442
guitars,405,3.4388526892610765,3.2643765541345275,3.622654317701239,0.026566354945425658
guitars,406,3.4326233286878183,3.2501936911353786,3.6252925321923692,0.027862856820279704
guitars,407,3.4387914337008345,3.248570182981559,3.640151161407544,0.029033761258697964
guitars,408,3.434324734327648,3.237618130510495,3.6429825585869655,0.030093618236301193
guitars,409,3.415750982851121,3.2140546134693455,3.630104705736257,0.031053691250928134
guitars,410,3.412020847999852,3.205079975858672,3.6323231728614367,0.03192288061219465
guitars,411,3.406530277230934,3.1950000543344936,3.6320652057416716,0.03270833287660821
guitars,412,3.3985844057069907,3.183130404203399,3.6286216698700735,0.03341585751365931
guitars,413,3.3990753225159147,3.179634412334442,3.6336608395347243,0.034050220149594516
guitars,414,3.403386733434273,3.1801430716637222,3.6423019330563116,0.03461535394550753
guitars,415,3.379028062042272,3.15429472131651,3.619772929557986,0.03511451497967272
guitars,416,3.368714547140724,3.141981749770258,3.611808916760041,0.035550398266698334
guitars,417,3.373327698688692,3.143973849407039,3.619412981086506,0.03592522540325883
guitars,418,3.375819985765119,3.1443511859711992,3.6243281689196123,0.03624081126941177
guitars,419,3.381367076338555,3.1479269261119627,3.6321183983353,0.036498614900349925
guitars,420,3.3697288897849913,3.1358555817264344,3.621044558563533,0.03669977809702354
guitars,421,3.3618811033686287,3.127661166584801,3.613640976822426,0.03684515428157961
guitars,422,3.334468066337171,3.101609750319713,3.5848085931108016,0.03693532935138491
guitars,423,3.3173646340107528,3.0854871935814945,3.566667895390385,0.03697063573383878
guitars,424,3.311994300932294,3.0806098239489295,3.560758056450918,0.03695116042135339
guitars,425,3.302502952070877,3.0722296074132784,3.550036013623282,0.036876747422354535
guitars,426,3.3009298038049604,3.0715471774235845,3.547442686127823,0.03674699476352565
guitars,427,3.2935228006765915,3.0657708139690887,3.538194175882695,0.036561245891115104
guitars,428,3.3052589727872297,3.078159117295013,3.5491137595222173,0.036318575017338366
guitars,429,3.293427975598926,3.0689498565348674,3.5343255307222736,0.03601776561192862
guitars,430,3.291484295050545,3.0693064694770493,3.5297449024079586,0.03565728081201062
guitars,431,3.2790071901033415,3.0602019810752026,3.513457026444945,0.03523522396574407
guitars,432,3.237863559789428,3.0246832239237476,3.466068892401991,0.03474928676386854
guitars,433,3.229179244360971,3.0198396598720665,3.4530305468779257,0.034196681337335035
guitars,434,3.225298888969562,3.0198938859540636,3.444674983969462,0.03357405113281568
guitars,435,3.2350424424361877,3.0331558731245796,3.45036656279143,0.032877353033622554
guitars,436,3.22978099918901,3.0328299416938216,3.4395219986836536,0.03210169958649766
guitars,437,3.252876519875176,3.0596733745096825,3.4582794822832645,0.031241144478826918
guitars,438,3.2489247276291735,3.0616682425211845,3.447634116330049,0.03028838505459349
guitars,439,3.2443050899846226,3.0636374716831876,3.4356269676768663,0.029234339770308707
guitars,440,3.235006541493677,3.061850897073213,3.417954588680496,0.028067530350067423
guitars,441,3.2304044498546443,3.0652616847711625,3.4044443779421565,0.026773146010459485
guitars,442,3.217459025985127,3.0616162820796085,3.381234495154147,0.02533156363412767
guitars,443,3.217883139491921,3.0717316767182816,3.370988416048441,0.023715877937623933
guitars,444,3.1986355127354247,3.0643198492604036,3.338838517722491,0.021887484190084183
guitars,445,3.1874107972316383,3.0661610345227075,3.31345531950846,0.01978741623361487
guitars,446,3.1708545130014647,3.0650392928715124,3.2803228219636518,0.0173170145606277
guitars,447,3.1630060766136054,3.0756743541801255,3.252817525072967,0.014285306418868281
slingshots,598,2.3783247181403655,2.3435764230701177,2.413588227478176,0.007509419305974241
slingshots,599,2.352376740721158,2.304357205898524,2.4013969345209163,0.010522860700955356
slingshots,600,2.3598365335985174,2.3015199320109057,2.4196307787091884,0.012766870580447431
slingshots,601,2.368189871867018,2.3013839440872546,2.4369350814419724,0.014599880207717528
slingshots,602,2.385702622529372,2.3113164994827238,2.462482747134504,0.0161617287125297
slingshots,603,2.393751044974251,2.312927634073988,2.47739876548685,0.017524564027345965
slingshots,604,2.4053285019760797,2.3186230723228376,2.495276300611626,0.018731456088749675
slingshots,605,2.4075037049959436,2.315816657798965,2.502820795441549,0.019810573386257718
slingshots,606,2.421133569470014,2.324499614514628,2.521784785255219,0.0207815304977648
slingshots,607,2.411277995270839,2.311061112399688,2.515840684299398,0.02165862265789911
slingshots,608,2.414938971592742,2.310970727123051,2.5235846426222954,0.022452632862631133
slingshots,609,2.3978902750980824,2.291423367616421,2.509303977898716,0.023171913712044825
slingshots,610,2.4151912156161606,2.305012504239641,2.5306364270304287,0.023823070924087364
slingshots,611,2.414159175257459,2.3013722287109215,2.5324736480131818,0.02441141421789472
slingshots,612,2.417236840471171,2.301914353780468,2.538336812286238,0.02494126538599081
slingshots,613,2.419437049399119,2.3018660068089796,2.543013198287732,0.02541617497749874
slingshots,614,2.4257576449947362,2.3059673048929974,2.5517708511151054,0.025839078395803856
slingshots,615,2.4397069571378633,2.3175313639106605,2.568323401959511,0.02621241057863045
slingshots,616,2.4334172356216635,2.310081117169673,2.563338316827447,0.026538191578781595
slingshots,617,2.4400470716401137,2.3151045255081586,2.571732570265978,0.026818091180809578
slingshots,618,2.450201374816133,2.323666607437214,2.583626565848941,0.027053478050187683
slingshots,619,2.439197547157489,2.312360805206024,2.5729914901965363,0.027245457197233404
slingshots,620,2.4423093105283282,2.3146327050974222,2.577028638348173,0.02739489839284787
slingshots,621,2.43625544965487,2.3084086309422602,2.5711828211066465,0.027502457386580945
slingshots,622,2.4176385514345426,2.2904717773804375,2.551865612623826,0.027568591220858467
slingshots,623,2.42014589153754,2.292734989726337,2.5546372182443746,0.02759356852709141
slingshots,624,2.4187612573731396,2.291495528157353,2.5530951067898195,0.027577475376535168
slingshots,625,2.4275653735745304,2.300094518422087,2.562100642290484,0.027520217004539983
slingshots,626,2.435171714996132,2.3077478465837085,2.569631379050277,0.027421515504236917
slingshots,627,2.445167853303481,2.317859624396119,2.5794684750964776,0.027280903372734037
slingshots,628,2.439625444524286,2.313436266533856,2.572697763784806,0.027097712569059643
slingshots,629,2.476414237454935,2.3493656018269937,2.6103333898736087,0.026871058486245877
slingshots,630,2.4905040407330117,2.3639889632675453,2.623789904811614,0.026599817922809455
slingshots,631,2.4975015471738384,2.3721053689859395,2.6295265209075493,0.02628259972431262
slingshots,632,2.5021446645040637,2.378215601482741,2.6325316839241957,0.02591770619957099
slingshots,633,2.4991171336817315,2.3772691181990337,2.6272105249039335,0.025503082615798006
slingshots,634,2.5037689590372847,2.383874321044665,2.629693581116096,0.02503625091172036
slingshots,635,2.5113801629242376,2.393568803592356,2.6349901925791923,0.02451422202359297
slingshots,636,2.503312014820074,2.3885968489884775,2.6235365110677025,0.0239333785352183
slingshots,637,2.513016692684822,2.400885631072057,2.6303847280274812,0.023289315109943705
slingshots,638,2.5052176394545493,2.396780206909899,2.618561102490846,0.022576617200456055
slingshots,639,2.5173202021641305,2.412081715526349,2.627150216111506,0.02178854670987563
slingshots,640,2.5397479463521284,2.437734426720984,2.6460304946655855,0.020916582335098688
slingshots,641,2.542366846617754,2.4448768102061154,2.6437443211039273,0.019949723336109303
slingshots,642,2.5467600183563284,2.4542735438163494,2.6427317392717105,0.01887338845434423
slingshots,643,2.5490903576533164,2.4623317239616287,2.638905874561348,0.017667578094239182
slingshots,644,2.53748989856717,2.4576876292559677,2.619883384968538,0.016303587198913796
slingshots,645,2.5448641622316637,2.4724070474572697,2.6194447273039483,0.014737559050243891
slingshots,646,2.5379646122787793,2.4746192331424224,2.6029315083758826,0.012896097709705978
slingshots,647,2.5628779083732884,2.5099992878138115,2.6168705326401964,0.010637103941509296
stocks,798,12.810658720806801,12.412045596888358,13.22207331417842,0.016127906957725226
stocks,799,12.796584125867884,12.242629796326847,13.375603772609752,0.02257906974081532
stocks,800,12.78252499416368,12.114884932378857,13.486958079950632,0.027369965702767705
stocks,801,12.768481308705319,12.009349193581247,13.575599501919346,0.0312731718804997
stocks,802,12.754453052522576,11.9184106987204,13.649141381448445,0.03459050680534173
stocks,803,12.740440208663884,11.838132977298676,13.711521658171025,0.03747786903387152
stocks,804,12.726442760196289,11.766160876503704,13.765096961404065,0.040028412387655074
stocks,805,12.71246069020545,11.700950878094828,13.811412293214579,0.04230310336037828
stocks,806,12.6984939817956,11.641426083822916,13.851546042952307,0.04434441266098849
stocks,807,12.684542618089552,11.586800198942944,13.886286003689674,0.04618329718917591
stocks,808,12.670606582228643,11.536479077078647,13.916227827309509,0.04784310367196058
stocks,809,12.65668585737274,11.49000170723053,13.94183403744947,0.04934190737450987
stocks,810,12.642780426700208,11.447002883202897,13.963471360027327,0.050693990792104474
stocks,811,12.6288902734079,11.407188548062104,13.981435378735036,0.051910819741088216
stocks,812,12.615015380711116,11.370318927568444,13.995967401559065,0.05300171067654375
stocks,813,12.601155731843619,11.336196653259684,14.007266337649147,0.05397430025275797
stocks,814,12.587311310057576,11.304658197091772,14.015497262629632,0.05483488365626578
stocks,815,12.573482098623556,11.275567572678046,14.020797717312485,0.05558866312571348
stocks,816,12.559668080830512,11.248811631151518,14.02328241178706,0.05623993327964062
stocks,817,12.545869239985754,11.224296507630868,14.02304677890616,0.05679222083330884
stocks,818,12.532085559414927,11.201944918210208,14.020169677248273,0.05724839057778592
stocks,819,12.518317022462012,11.181694101029315,14.014715449999352,0.057610725780887835
stocks,820,12.504563612489273,11.1634942576499,14.006735483528434,0.05788098868316867
stocks,821,12.49082531287726,11.147307394134288,13.996269366260895,0.05806046504781083
stocks,822,12.477102107024779,11.133106491924975,13.983345717750751,0.05814999550199075
stocks,823,12.463393978348872,11.120874961314357,13.967982735162774,0.05814999550199076
stocks,824,12.449700910284816,11.11060634791715,13.950188486751918,0.05806046504781084
stocks,825,12.436022886286073,11.102304277167866,13.929960967317545,0.057880988683168676
stocks,826,12.422359889824284,11.09598263501981,13.907287917456236,0.05761072578088785
stocks,827,12.408711904389254,11.091665996046482,13.882146395412093,0.05724839057778593
stocks,828,12.395078913488923,11.089390324351948,13.854502076118075,0.056792220833308864
stocks,829,12.381460900649351,11.089203989590022,13.824308235128452,0.05623993327964065
stocks,830,12.367857849414706,11.09116916193156,13.791504353603228,0.055588663125713506
stocks,831,12.354269743347228,11.095363678788223,13.756014251535914,0.054834883656265807
stocks,832,12.34069656602721,11.101883516697345,13.717743615820314,0.05397430025275799
stocks,833,12.327138301052997,11.110846060602722,13.676576730921303,0.05300171067654378
stocks,834,12.313594932040948,11.122394450605125,13.632372132075862,0.05191081974108824
stocks,835,12.300066442625415,11.136703421263888,13.584956765943037,0.05069399079210451
stocks,836,12.28655281645875,11.15398726238067,13.53411802977173,0.04934190737450991
stocks,837,12.273054037211248,11.174510880223316,13.479592710128276,0.04784310367196062
stocks,838,12.25957008857115,11.198605532582107,13.421051247791729,0.04618329718917594
stocks,839,12.24610095424462,11.226691864267305,13.358074702207777,0.04434441266098852
stocks,840,12.232646617955712,11.259314830847229,13.290119827702124,0.042303103360378305
stocks,841,12.219207063446389,11.297198973894815,13.216463798185405,0.0400284123876551
stocks,842,12.205782274476448,11.341340745741833,13.13611188235035,0.03747786903387155
stocks,843,12.192372234823543,11.39317374785917,13.04763220524297,0.03459050680534176
stocks,844,12.178976928283145,11.454892967780225,12.948831511290553,0.03127317188049973
stocks,845,12.16559633866853,11.530178884377897,12.836031058976106,0.02736996570276773
stocks,846,12.152230449810755,11.626169697578836,12.70209439107547,0.022579069740815336
stocks,847,12.138879245558654,11.761169037020982,12.528719625951224,0.016127906957725244
sugar,998,3.655875025791312,3.568662650175926,3.745218731601247,0.012318875278297463
sugar,999,3.673430726862908,3.5515041970483523,3.7995431108529916,0.017222151740357232
sugar,1000,3.6706271112426876,3.5236654346691543,3.8237181252297003,0.020847708583451564
sugar,1001,3.639456111967282,3.4736606925559568,3.8131648319369162,0.023788834157515305
sugar,1002,3.6242751985243262,3.4423372853243492,3.8158290794566585,0.02627784970036921
sugar,1003,3.621760896348516,3.4254356419466707,3.829338326982767,0.028435055494244663
sugar,1004,3.59880972150226,3.391093708591164,3.819249046042985,0.030332527067683076
sugar,1005,3.588606084316933,3.370329660451643,3.821018987997386,0.032017572044429815
sugar,1006,3.596842692518754,3.3681110580527243,3.8411077104462397,0.03352324889186055
sugar,1007,3.6077870223055237,3.3694290393713398,3.863006772430701,0.03487373554377684
sugar,1008,3.596041632438507,3.350480671405307,3.85960006652033,0.0360873337390956
sugar,1009,3.5877124992503338,3.335580545902121,3.858902760747418,0.0371782707215768
sugar,1010,3.583001770866585,3.3248113682884477,3.8612421181180583,0.038157839632361065
sugar,1011,3.5968292397676516,3.331908277612011,3.8828141419666142,0.03903515321363269
sugar,1012,3.598639724658012,3.3284766623847397,3.890731160665045,0.03981765982855404
sugar,1013,3.5947043107709247,3.320318269378934,3.8917651964406748,0.04051150719036244
sugar,1014,3.5876177507575377,3.309811192636007,3.888741797171767,0.04112180500830525
sugar,1015,3.5947017225039755,3.312896868898594,3.900477734481683,0.04165281845172705
sugar,1016,3.5833140870705433,3.2994563417754423,3.8915925887623364,0.04210811295925772
sugar,1017,3.5901526772876178,3.303275523380601,3.9019440416052653,0.04249066396869183
sugar,1018,3.5766509215515647,3.288839093787661,3.889649645310857,0.04280294075506328
sugar,1019,3.5750788538888583,3.2858215785946636,3.8898000106840103,0.04304697071195106
sugar,1020,3.5770013276001453,3.286445503645663,3.893245296007416,0.04322438850500996
sugar,1021,3.5674476697978577,3.2769479132480797,3.8837000811928064,0.04333647321783445
sugar,1022,3.576706804952547,3.285145911095819,3.8941441003838335,0.0433841756848892
sugar,1023,3.5638974985515763,3.2734836732459724,3.880075982657205,0.04336813752947903
sugar,1024,3.5543821144578542,3.2652520001932883,3.8691139963561865,0.04328870290832028
sugar,1025,3.553965692413071,3.2657832286394552,3.8675782373072978,0.043145923547744526
sugar,1026,3.549299274168684,3.262814644098608,3.860938089265738,0.0429395572956718
sugar,1027,3.554245953718838,3.269094747976627,3.864269858604004,0.042669060072580485
sugar,1028,3.5511106807357957,3.268359406167889,3.8583232440832966,0.042333570751060624
sugar,1029,3.5339922114059292,3.255165696302647,3.836702065416643,0.04193188809237451
sugar,1030,3.525126909049006,3.2499888067290508,3.8235576993903755,0.04146243837739358
sugar,1031,3.51800143141373,3.2468490172097084,3.811798456235296,0.04092323173111844
sugar,1032,3.515300658664997,3.2482466971577426,3.8043104089425817,0.04031180427173649
sugar,1033,3.5183330880180934,3.25542707120054,3.8024712111513876,0.03962514199040065
sugar,1034,3.5144758993777634,3.2567410971132587,3.7926075420165932,0.03885958048664165
sugar,1035,3.5100516540107654,3.2580576516188247,3.781536096422992,0.03801067201974107
sugar,1036,3.504492380962379,3.258881127028779,3.7686145549656023,0.03707300723713612
sugar,1037,3.500270674741094,3.261552317799696,3.756461219275437,0.03603997244504339
sugar,1038,3.4772097884457325,3.2472898479439363,3.7234088975822046,0.03490341265245658
sugar,1039,3.4745520074735126,3.2527688419599134,3.711456989167445,0.03365315256009544
sugar,1040,3.4811998217183224,3.267798882540403,3.708536735073029,0.032276295669616345
sugar,1041,3.4610548201709945,3.2585829855852477,3.6761072285772833,0.030756162113337527
sugar,1042,3.456129733024314,3.2647136104572625,3.6587689325134085,0.02907060809130108
sugar,1043,3.469015085844458,3.2889909820226073,3.6588928737092274,0.027189219707171624
sugar,1044,3.469354175587037,3.3030144152307286,3.6440708039787406,0.025068291966399533
sugar,1045,3.4689264521051637,3.3183566097342574,3.6263283743571453,0.022640978780886018
sugar,1046,3.464371691849853,3.332534782741919,3.601424141600646,0.019795300395308888
sugar,1047,3.459261964834246,3.3504005557134247,3.5716605051722774,0.01631425579706803
water,1198,4.72682361966059,4.700397711126864,4.753398096184675,0.0028604164444507906
water,1199,4.728699626023147,4.691730100068316,4.765960461541863,0.004004583022231107
water,1200,4.733998010057122,4.689171252993809,4.77925329447429,0.004854287675732801
water,1201,4.729027345240482,4.677896305268765,4.780717265332232,0.005546553272634612
water,1202,4.736380487683656,4.679770318837224,4.793675457492203,0.006134909802446056
water,1203,4.72455533412665,4.663403529648817,4.786509030005714,0.006647007151545446
water,1204,4.731917058390741,4.666530746096493,4.798219548048444,0.007099366913451968
water,1205,4.731053199519707,4.661991045036622,4.801138432154545,0.007502801995355426
water,1206,4.728817263911957,4.656482377722105,4.802275817139641,0.007864844925475315
water,1207,4.74097016033232,4.665466139645318,4.817696107611277,0.008190986163619915
water,1208,4.744214500547,4.66596588967514,4.823775346709076,0.0084853664431198
water,1209,4.74540651610547,4.664707263325856,4.827501862794426,0.008751191560353762
water,1210,4.752750274932828,4.6697308214404805,4.8372456656733185,0.008990994632884775
water,1211,4.7566738499841,4.671609404299218,4.843287217955382,0.009206809217187646
water,1212,4.737343309446545,4.650860564332706,4.825434201074125,0.009400287662906523
water,1213,4.737164957059219,4.649113395567788,4.826884165007387,0.009572784393250815
water,1214,4.728062443585472,4.638792161287269,4.819050669482895,0.009725415911132684
water,1215,4.728568722493424,4.6380734281667175,4.820829706480313,0.009859104876201076
water,1216,4.739372726177505,4.6476183635613095,4.83293852475951,0.009974612974242333
water,1217,4.735076788591731,4.642514222298267,4.829484869679242,0.010072565697104576
water,1218,4.736270381386955,4.642948183612233,4.831468334016803,0.010153471138956602
water,1219,4.726467975779913,4.632755373951998,4.822076220919958,0.010217734256053745
water,1220,4.729725697603487,4.63551298841815,4.825853196930544,0.010265667596197353
water,1221,4.730919892418321,4.6363941276616645,4.827372827289683,0.010297499200022842
water,1222,4.732114193113842,4.637420236813229,4.828741755795151,0.010313378159647713
water,1223,4.747042461609383,4.6520497769292595,4.843974852564251,0.010313378159647713
water,1224,4.750978670248539,4.656052122693272,4.847840558988421,0.010297499200022842
water,1225,4.7651768643989705,4.670257993655623,4.862024877394295,0.010265667596197353
water,1226,4.754052233729625,4.65979271344268,4.850218460540036,0.010217734256053745
water,1227,4.764829879760532,4.670944953310935,4.86060187178306,0.0101534711389566
water,1228,4.774223393183501,4.680895578438013,4.86941198026608,0.010072565697104574
water,1229,4.7767825814013225,4.6843039631462595,4.8710869340454535,0.009974612974242333
water,1230,4.7677286763557705,4.6764839392782935,4.860753725768849,0.009859104876201076
water,1231,4.762079650812971,4.672167091529548,4.853722513863042,0.009725415911132684
water,1232,4.763274416555768,4.674737548198476,4.853488122805602,0.009572784393250813
water,1233,4.771996141914621,4.684880790742481,4.860731402909193,0.009400287662906522
water,1234,4.7697711097857445,4.684472443471037,4.85662296326568,0.009206809217187646
water,1235,4.769597543099924,4.686283807157382,4.854392448105702,0.008990994632884775
water,1236,4.770108269568601,4.688988944653953,4.852630955624057,0.008751191560353762
water,1237,4.773356320594321,4.694627059672443,4.8534058773451365,0.0084853664431198
water,1238,4.7759196366738745,4.6998590155664,4.853211192169827,0.008190986163619914
water,1239,4.777798842794037,4.704714704362853,4.852018287322586,0.007864844925475314
water,1240,4.781045222487096,4.71125330305158,4.851871030721446,0.007502801995355424
water,1241,4.7808735481260385,4.714810747996699,4.84786200440452,0.007099366913451966
water,1242,4.786852465090321,4.724894323993948,4.849623071182709,0.0066470071515454445
water,1243,4.782581243795757,4.725418874252794,4.840435094153167,0.006134909802446054
water,1244,4.788560767451886,4.736786042094462,4.840901408635362,0.00554655327263461
water,1245,4.782921612649424,4.737631592516838,4.828644588760868,0.0048542876757328
water,1246,4.784117758586775,4.746714967199118,4.821815273549211,0.004004583022231106
water,1247,4.782577561157732,4.755839953124098,4.80946548957439,0.0028604164444507893
tranquillity,1398,8.331757540397856,8.182251703364765,8.483995143223215,0.009238456020072453
tranquillity,1399,8.341924466952362,8.132489731732399,8.55675274212916,0.012973107996907773
tranquillity,1400,8.352176662752623,8.097933044835298,8.614402541932645,0.015772398801894676
tranquillity,1401,8.362511777137614,8.07146250803202,8.664056006352682,0.018073873008361788
tranquillity,1402,8.37292754415855,8.050312415126196,8.708471428761307,0.020047659025710464
tranquillity,1403,8.383421779486188,8.033061915593064,8.749062495875782,0.02178121311341169
tranquillity,1404,8.39399237743634,8.018866545520895,8.78666674803508,0.023326537514451157
tranquillity,1405,8.404637308108649,8.00717656222376,8.821827236095586,0.024717497137935016
tranquillity,1406,8.415354614634046,7.997611035611472,8.854918421851957,0.025977564586739246
tranquillity,1407,8.426142410526447,7.989893793136371,8.886210225155196,0.027123762445396302
tranquillity,1408,8.43699887713442,7.9838176930271505,8.915903743009652,0.02816886321480481
tranquillity,1409,8.447922261188836,7.979223273169379,8.944152593281487,0.02912270470241227
tranquillity,1410,8.45891087244261,7.975985286142072,8.97107637250138,0.029993019984579684
tranquillity,1411,8.469963081398843,7.9740038346835584,8.996769513480718,0.03078598409171809
tranquillity,1412,8.481077317123873,7.973198328317835,9.021307322002663,0.03150658692281542
tranquillity,1413,8.492252065141798,7.973503243548295,9.044750210173827,0.03215889504093367
tranquillity,1414,8.503485865407349,7.974865078702537,9.067146735346004,0.03274623985421337
tranquillity,1415,8.51477731035389,7.977240124955761,9.08853582307321,0.03327135550332733
tranquillity,1416,8.526125043013758,7.980592810624394,9.108948417005978,0.03373648143059807
tranquillity,1417,8.53752775520797,7.984894458557593,9.128408715888439,0.034143439511614866
tranquillity,1418,8.548984185802675,7.990122348624747,9.146935105653743,0.03449369241763768
tranquillity,1419,8.560493119029761,7.996259011189866,9.164540860720733,0.0347883877902711
tranquillity,1420,8.572053382869084,8.003291700117538,9.181234665941036,0.03502839141568721
tranquillity,1421,8.583663847490019,8.011212009440754,9.197020995060466,0.035214311627449243
tranquillity,1422,8.59532342374996,8.020015608889926,9.211900370489507,0.035346516487766225
tranquillity,1423,8.607031061747698,8.029702081649624,9.225869521010983,0.03542514479757146
tranquillity,1424,8.618785749429472,8.04027485403676,9.23892144772554,0.035450111601028275
tranquillity,1425,8.630586511245792,8.051741212018191,9.25104540331189,0.03542110853496512
tranquillity,1426,8.642432406857017,8.064112404156784,9.26222678500752,0.03533759909496296
tranquillity,1427,8.654322529885897,8.077403835153422,9.27244693713745,0.03519880861984874
tranquillity,1428,8.666256006715322,8.091635359078195,9.281682854093082,0.03500370850918425
tranquillity,1429,8.678231995329483,8.106831687147139,9.289906768899892,0.03475099385548238
tranquillity,1430,8.690249684196957,8.123022932118092,9.29708560529611,0.03443905325881394
tranquillity,1431,8.702308291194017,8.140245320900581,9.30318026172286,0.03406592904750106
tranquillity,1432,8.714407062566748,8.15854212004857,9.308144682552808,0.0336292653835369
tranquillity,1433,8.72654527193048,8.177964837342513,9.311924653346702,0.0331262406763138
tranquillity,1434,8.73872221930518,8.198574789700857,9.314456229893633,0.03255347919057868
tranquillity,1435,8.750937230185443,8.220445168149679,9.315663670302497,0.031906934431979166
tranquillity,1436,8.763189654643822,8.243663792890787,9.315456677100547,0.0311817333497668
tranquillity,1437,8.775478866466258,8.268336850239237,9.313726657564482,0.03037196478014017
tranquillity,1438,8.787804262318424,8.294594064766292,9.310341548944477,0.029470386361056422
tranquillity,1439,8.80016526094187,8.322596034222482,9.305138481003183,0.028468008541186893
tranquillity,1440,8.812561302378823,8.352544940391724,9.297913062715292,0.027353486660551086
tranquillity,1441,8.824991847224652,8.38470075255417,9.288403176446982,0.02611220062324096
tranquillity,1442,8.837456375906957,8.41940682429727,9.276263378872565,0.02472480004363501
tranquillity,1443,8.849954387990303,8.457132572237006,9.261022220063396,0.023164776879574946
tranquillity,1444,8.862485401505692,8.498549734119473,9.24200598327608,0.021394125373269925
tranquillity,1445,8.875048952303837,8.544681766581396,9.218189285158454,0.0193548338570746
tranquillity,1446,8.887644593431398,8.59723696401353,9.187861954926804,0.016949901212201624
tranquillity,1447,8.900271894529366,8.659514323162762,9.147723167875917,0.013991679545594054
